start_node,end_node,distance_court,bruit_court,distance_bruit,bruit_score
3380751025,5657136849,2742.877,14830.554718619453,2996.964,12667.445890218189
11356942377,171760149,1909.474,21370.48995917771,1910.0249999999999,21107.15392183939
2225197158,4463347218,3511.353,30805.109074464595,3520.9139999999998,30433.281002442833
7603662257,8913559675,875.318,3437.8956227247,875.318,3437.8956227247
6915264516,373344984,1827.23,19141.294432927014,2528.801,10762.747240333943
6258069706,12046001657,2925.246,25901.198816171564,3454.268,16766.17240023625
6477428926,12055379656,2913.425,34836.33588429036,3354.966,34657.14564607883
5033143046,4508416964,3261.53,9798.60389046069,3430.227,9381.433309964632
1224759557,5967428151,1571.145,10758.686229560766,1720.268,10427.514780087316
2972114639,7355166364,634.59,7870.615068315672,634.59,7870.615068315672
4453790532,3402867312,3818.042,36912.6779539896,3984.219,20021.24885736137
1499854584,6473126985,855.298,9354.933002606103,867.6469999999999,8388.781303740237
339867756,2214589285,2657.808,25224.874150225016,2753.761,20915.667549881193
7462318451,4037209422,783.186,6851.684887968928,791.556,6402.830229799588
601148379,1183172947,1147.139,2513.789953691756,1147.139,2513.789953691756
1184432851,4887980119,1920.149,16425.226074382506,1926.087,16252.871590757844
5065575254,5196681081,3775.904,11334.151234652574,3990.887,10633.235727136404
801721730,1177037259,1484.8980000000001,12416.604715897018,2092.523,11289.604157163114
12068224844,8648707370,2149.699,9173.821390868385,2928.44,7660.72770292028
12147575263,2623015203,2527.457,25663.03324766528,3190.938,12235.330384708941
2161048769,1253878881,2339.889,21563.7416071762,2463.623,21067.01256451435
12057065947,371241309,1913.3,20125.513526947343,1945.867,19458.095257539408
1732745973,4623863871,3438.841,16566.167170121644,3447.573,16375.187823271986
2221955069,1864321149,945.743,12698.67481215383,945.743,12698.67481215383
12036094553,11623951742,1532.357,10421.25175239861,1559.865,10244.586544804242
11182854123,8329128110,3839.8669999999997,41651.74170730291,4222.586,38379.46284384427
8434042,3259797439,1323.919,5594.695512393958,1336.086,4947.502339315854
12033001339,6185341145,2678.212,26145.866858600744,3715.588,19059.838334843455
1722668134,11476164109,3304.977,16726.476382384863,3304.977,16726.476382384863
12055380081,1995300190,2386.498,27380.7306859348,2868.56,26742.53732391656
12075308650,8900200666,2339.937,15144.556803441354,2436.657,10198.983027911361
11407552197,6415591196,603.781,5670.954736940275,705.078,4825.368912594297
7618217725,2371552110,1921.693,5840.07985125131,1921.693,5840.07985125131
5435329099,12068278580,2547.295,14747.3373642071,2595.887,13631.148221147687
5706938207,5010922961,2035.749,21445.506347831404,2094.212,21157.075624135552
2445012437,5188301907,2404.255,16273.527832776803,2420.586,14740.608359097549
1759699596,10963905049,3365.748,34879.697532823506,4200.427,19468.173711599964
3137432728,538188637,3558.723,7652.516014871116,3582.415,7599.58098959533
1903756496,5159077627,2681.774,27665.343240934286,3064.313,15993.200620688258
9320983093,2606894105,3273.36,41445.04278757381,3350.741,36567.40262076308
5263457736,1499598821,1409.569,3749.2067179126993,1409.569,3749.2067179126993
2208417947,8157403680,3443.299,20708.563284290834,3874.094,11585.618027887404
2356829934,414591687,1740.3690000000001,3768.633492001066,1740.3690000000001,3768.633492001066
5521012888,3255880530,1066.044,7817.093851283497,1973.278,7179.092402904344
2849103885,245925747,1608.841,13452.355280138092,2481.942,8894.170712315237
3843118674,4262383785,2321.123,15273.524293575958,2962.482,9160.858048465598
1473213381,1474023510,953.523,2350.7875737101153,953.523,2350.7875737101153
1037302516,4099004106,2740.269,20983.478348444187,2808.475,20321.31305361306
12069589146,1036842144,2871.786,26278.82073418109,3265.572,21350.444932911265
1180379100,12071701776,3793.396,33207.32870767102,4050.245,29852.617324365787
7927573184,1600722268,3445.914,43053.98003731186,5754.561,31383.216346782443
9927086658,269364551,694.766,5309.246306644295,694.766,5309.246306644295
6796038276,12073401257,3984.536,33042.96583456905,4616.3189999999995,32013.564005437034
6404015518,12057140257,1528.664,17647.8010027917,1545.383,17277.300146823825
6374628950,3409180790,1395.314,5656.999420563917,1471.106,4330.532888104922
6068222512,1937562023,3591.113,34930.09051239926,4644.105,31187.27913104703
7462318444,34737074,1303.494,16157.86081063167,1303.494,16157.86081063167
1869151330,2819199433,3003.4519999999998,25562.496301466595,3360.25,10491.76943947004
1777422533,3791090737,1916.357,19202.319357059587,2395.508,13567.339125146093
1108983667,3031697128,3833.242,26643.996572108215,4715.302,19941.96905963736
2079336937,3862599154,3916.481,38685.79889242158,5402.044,31155.533192728737
8306113184,2853392648,1257.87,9180.08056639452,1273.172,8238.452377428872
4140180220,4140176504,640.493,3568.368653553763,658.397,3382.376382060704
3898528518,6759103860,3770.576,15585.710000110217,4415.621,10621.850589437116
315117163,315236281,2014.606,18644.91102979418,2014.606,18644.91102979418
3119299841,2266997872,1643.316,15520.919585867594,3007.165,14404.681352327636
1344963792,2317007257,2004.843,25845.88352037774,2092.065,25463.49106882335
12075195558,11613330922,3148.486,30724.712171766972,3452.864,28585.222360882817
10173455359,1456557331,910.442,6709.513240582715,1258.943,3756.9131747922315
1694598901,11998622336,3949.226,30061.490744391307,4538.559,23323.798409451014
27504190,12048892500,3427.33,32157.24955068143,3714.265,27035.67401300819
1852659165,1849455672,1863.671,13442.534388402899,1959.27,11177.051421999113
1611512065,1611495729,667.646,9976.999466461435,667.646,9976.999466461435
12380818651,266044024,1058.662,2339.6365727149605,1058.662,2339.6365727149605
8832699229,12045465147,3073.9429999999998,23301.60255048891,3965.397,16077.432426225936
3143630585,1190795307,3038.521,19930.837170187227,3608.338,18686.03870568781
4429103886,2848982100,651.6759999999999,2185.193054933886,727.249,1977.263575960091
726091021,3705241263,2388.135,14854.319941401045,2781.042,12591.359566289975
257050856,11999384903,889.192,1636.312120491124,889.192,1636.312120491124
12057079291,10659714242,1633.388,16508.22287839037,2623.617,11594.577172699383
2116549627,1030705249,1085.552,11599.929017549082,1087.6799999999998,11582.501313129294
1603514384,2502831103,1433.971,13729.975877828869,1772.829,6824.666833072251
1038594850,8222278223,693.591,7660.069067568239,693.591,7660.069067568239
3442794607,2511519915,2315.078,9158.966254685905,2323.064,9142.867620768799
11014664401,9290546755,1586.306,8906.755410657293,2090.042,5456.680872133898
10665237094,5408267832,2165.472,15404.349184078663,2641.455,11589.285251626881
12045464846,7503437993,2936.8559999999998,25655.1122257641,4065.351,19238.909364996518
2909750327,193579574,1061.879,6879.697172708022,1205.085,2591.5538161243207
1588301158,7320337793,2827.141,21076.92640659656,4089.681,11167.548057942158
7514070474,12057433718,2732.145,17964.51844440195,2889.985,16924.5072292371
11251394922,3264144591,3792.11,27678.088149935662,4457.102,19133.261942016692
1102998548,1579267789,731.198,3432.918643402738,731.198,3432.918643402738
2330481420,1546924606,1160.357,13836.188831635633,1160.357,13836.188831635633
2007990276,7975015111,2610.638,25927.373050782357,2752.562,21912.831881217127
618933220,1305989826,3336.187,18011.12253639553,3565.774,15504.380535832317
8148562175,270298919,1067.877,8132.564480963279,1095.757,4254.93740738537
3760133430,1466648770,3276.746,28670.004341603926,3609.571,25966.143377743334
1715948230,8631669111,1921.984,12922.83899732795,2107.178,12783.716958964596
5559280383,1110661292,2931.677,28022.819054224503,2939.776,22065.128341395484
5967281951,12049142836,1838.814,4870.313829834367,1844.252,4771.656320902446
12049362931,12067744882,1380.968,8633.340870349884,1474.268,7313.018483523371
7358651008,6375631587,2987.84,33887.46758094321,3039.453,33108.83867468554
588229997,470333119,3218.3360000000002,17017.628047733102,3220.054,17015.590104624873
12087214109,12067828022,1756.497,15154.077316216586,2469.962,9993.531074946335
12017245547,12058943837,3318.005,29662.82521330611,5611.123,20203.488155883013
9877713551,8900201139,3681.253,22654.565239014002,3947.246,17692.121186295928
386181581,12054934180,1716.759,15991.258519293868,2227.64,11234.173964551941
74946138,1038134301,1841.366,16328.308672928542,2016.181,16060.54032334211
7533616325,9197060567,1937.1480000000001,12373.732723546667,1960.727,10247.427098645161
654053880,7973891643,1746.458,15212.049803599257,3471.422,13986.815622781927
5037354703,5992511398,1618.3129999999999,10134.917168036709,2753.521,6939.16137130592
1472824079,11598365237,957.732,1831.862516000402,957.732,1831.862516000402
1859957798,267561013,1348.142,21145.653582315786,2015.854,15877.231444236924
12057087043,6344376335,1696.183,11631.901640915929,2012.519,8715.118809173115
2705418276,1028115585,900.995,6699.4672735704835,1006.605,6435.33992940959
8677606684,9134669792,2182.488,24056.644017040588,2182.488,24056.644017040588
12307676239,3264709061,2213.905,21321.73271255492,2596.856,18716.49455955952
1468818336,6370685971,3378.004,22410.46813324255,3780.6,20519.57868215495
12049362883,11966306055,2940.427,34901.25288272574,5052.224,26867.44477142569
6909471853,12082598117,2475.96,22878.91026550561,2538.172,14377.396902158582
5470938486,243677330,3897.749,28073.756858541852,4265.847,17497.37226923708
192400814,6067548811,3288.298,30303.824003261612,3288.298,30303.824003261612
10089726660,8002525613,3726.341,29651.303615633224,4825.599,23492.02095900963
313718411,10853049716,2949.6839999999997,30658.961610002163,2970.283,30351.786037113146
6370430606,6212867864,1287.836,5652.531682781224,1357.102,5248.304273055732
4078297245,514019261,796.272,9239.034895567816,796.272,9239.034895567816
443371758,6256970577,1339.665,9969.153283074178,1339.665,9969.153283074178
2180782824,12061514797,1541.27,7389.185309219949,1790.893,6711.259527510526
10811863021,12046280821,3606.896,34352.26213877003,4462.241,21688.30136534682
6047080155,2108795410,2571.131,23234.675928117416,2977.027,19808.401629108277
2555382087,1416147637,1175.171,5056.165344903894,1199.739,4711.287199698992
1324318078,1183172767,2163.834,15387.704588899676,2454.924,7876.627437430142
11568575367,9649250138,3502.656,31845.467293281716,4251.238,20220.791713183226
3158054774,11815772157,1932.1580000000001,16315.728502622798,2013.574,12450.586721812704
11564985578,12043211112,1773.396,14696.847918125053,1997.683,12950.229561206428
1903793015,6024811542,1651.4189999999999,4618.272452394415,1653.633,4607.339106164569
3923845976,3811036219,1565.305,5237.527533691374,1592.636,5177.85088859497
33164898,1624309990,3996.602,38224.65482649944,4254.612,31699.147868465956
9029169643,12069501862,904.257,4863.943391616547,910.787,4510.196914815079
10100500932,8243389087,2892.344,12941.943491576598,3700.475,9422.144711710645
3499171042,1508653992,851.656,12997.695945032343,1411.192,6803.9055387973585
35441012,8880229161,1222.7939999999999,13593.599854944372,1264.731,11969.820341400862
6348565908,4136038860,2631.443,43757.706175918225,2631.443,43757.706175918225
12056974981,8784835284,2960.985,33547.93348745878,4033.259,24916.210173412117
1610855567,6297571298,3145.563,18935.93981994906,3913.487,17609.21386586561
443677225,1453882742,3705.061,23912.19972285825,6081.107,21775.32936191655
3987596327,11349793856,2173.238,19325.64690266329,2417.741,18380.46245948638
12058943639,3046464972,1812.081,19474.0756535969,1941.173,17990.841899383697
2584621654,9762296889,2049.978,16371.234647121777,2323.756,11274.369793869626
2812996232,5895650793,1252.609,6003.662002217642,1560.172,5305.670961695754
245077129,6744847632,3175.98,29564.34411329657,3211.8830000000003,29105.26753737059
601148358,601628026,2095.159,4998.297894501041,2219.184,4670.6945166429605
4186785418,1130783744,1401.449,6300.098059587338,1527.378,6196.03552183799
7661765941,8625623020,705.781,4308.932532475007,705.781,4308.932532475007
1273142376,1198720682,1353.858,9039.735693747369,1492.807,8632.776821836127
12071612063,3827520510,1515.066,20597.08754080638,2873.756,16005.826065338382
4059448398,2423149488,1824.078,14925.779792876332,1830.613,14897.440097091347
2294722015,5941020851,3351.186,25921.709218842392,3779.794,19167.23706203889
929916876,12055206242,2249.746,11185.460415689467,2879.711,7721.91689772793
318711370,10872893641,1377.446,7597.324307543591,1451.084,6981.204744992276
1427185515,3250459246,1163.222,7120.946956167702,1676.126,3692.512429319381
9300045952,6469948344,1154.576,13326.932769510617,1181.615,12643.008923911002
4071399813,4071399828,1393.453,17460.54247297033,1393.453,17460.54247297033
12047352140,10844219859,3294.63,29447.172021507056,4124.441,18608.55501307603
4709504777,8788393344,1427.523,6271.546696461692,2140.75,5878.660369149874
4111684754,9308851585,2303.732,25741.082529011488,2341.45,24947.385231092427
9836298950,2487663757,1990.549,11291.813751243279,2575.2690000000002,7219.007419638849
1185849430,3723539403,3624.489,35279.68412850706,4178.1050000000005,30668.786891304444
34916416,6433667130,2425.4809999999998,9272.562934395692,2434.158,9219.278623412356
8900671473,4037848578,955.854,6412.768034169752,956.659,6381.787453234299
10058533499,1038199575,1793.344,12079.416953903954,1793.344,12079.416953903954
12049478852,172947872,1107.278,9303.125645748312,1170.888,8476.0673536096
7288086432,6162398173,807.999,4735.833617498961,934.542,4277.409250223379
12057231000,58584528,2326.962,11257.560553926969,2683.51,10043.63038434927
1324396470,1075671118,3541.228,24001.184343231253,4831.565,15565.736891176532
2229204452,4103522833,1396.479,8495.191949552884,1396.479,8495.191949552884
67346188,4155426049,2490.748,24568.433955619694,3316.442,20763.945248766606
3114877493,3114661137,1817.618,9001.580396377803,1817.618,9001.580396377803
8974668157,11697914590,2824.073,26947.2060753542,3128.199,16649.742353998805
520110916,1354903458,2692.621,19085.18055905743,2791.649,15788.956465032923
3851861720,2425030323,743.933,3495.5588662141054,744.075,3489.74974507631
1836996478,10790959475,3588.363,31653.367883643157,4092.997,21534.584620635513
6580131820,1624487773,1500.765,4903.143521782946,1500.765,4903.143521782946
3455267923,428130771,2615.288,25527.229189651352,2853.782,23144.037253243634
4266695340,9286056658,2606.778,15028.532748113823,2685.3759999999997,13195.908945321049
2366714957,2356872180,2496.62,14029.25286664144,2926.064,13079.169588273848
1561069420,9088033097,832.4399999999999,5025.960185272017,1699.088,3234.49156942988
11419662830,6280724243,2778.7549999999997,31753.901361831977,2837.8019999999997,30732.03217567548
11649606466,7934065137,669.949,4546.999616319034,669.949,4546.999616319034
1472404887,3210314348,1364.942,8710.734685187612,1364.942,8710.734685187612
9665245064,5665579276,2392.439,19989.264915354535,2706.988,15604.968623054301
11224784423,12057086861,3782.578,25027.772825188178,4290.926,19637.367920395314
1183172706,6110692329,3327.638,21286.055257099288,3403.318,19483.27765138527
5821148790,7995068771,2253.139,9146.321522629105,2350.51,8454.70815502645
6488219590,10100500920,3461.153,30233.73036454457,4342.886,16581.954308575536
3928537507,772771245,864.912,6023.454170348839,865.091,5969.516434018422
1781375398,12063292595,3573.201,30913.730658092103,4237.685,23495.49714236339
12018217502,3713497460,3092.743,29929.174634164872,3258.33,29663.985425742227
12057230859,1421712415,2097.893,9602.952013599273,2776.405,7329.928030994164
12057231234,8595924573,1562.134,7426.0927611854095,2320.971,5542.518786446424
4309100855,9076248259,2082.689,7603.419549406982,2130.21,7301.52942762481
1459833140,1582724836,1661.752,7623.874889665889,2115.514,6133.552544482969
1580944660,6404037931,1381.0040000000001,3339.1995108139968,1381.0040000000001,3339.1995108139968
12059160440,991648001,3928.1059999999998,41756.720602038746,5337.144,23852.580320761874
10983754480,11049582892,2202.691,21243.213733064236,2203.609,20826.293855342978
11415606558,4140154650,1366.763,13577.464534292549,1594.852,12655.305648022508
5435506475,12075300934,3193.2000000000003,23727.34488509805,4096.463,20004.0111250696
1190794316,11476638286,2053.133,10640.94192668691,2147.161,10380.1061045611
1470829356,3874331091,2560.686,13431.648862151014,2695.293,12815.65954972813
11377228386,4910434428,2472.84,17912.157014779506,2776.337,16061.595654591987
12071294757,12059596735,1088.792,11710.600498441827,1132.47,10102.122277048496
7905060662,1297639951,850.78,9568.976419202469,850.78,9568.976419202469
3288893601,32134638,3347.552,22906.68179416055,4007.3340000000003,20455.095960815917
1496489870,5096112821,2011.493,18583.970867943568,2032.5469999999998,17626.714518993893
3263070262,12057474991,636.377,7729.081609012521,639.12,7671.379229676622
12043647031,7170987415,2207.892,14272.831509188685,2226.635,12981.524981378998
11863330446,11649606372,3714.704,36328.15156696991,6488.79,27520.299246617287
9737728201,314967984,3889.639,31431.091013854508,3897.2760000000003,29667.367649784395
12054934298,1423381471,1249.566,11360.344143117107,1942.358,8295.62547432863
3697293216,1919032513,918.3820000000001,6599.344115481993,918.3820000000001,6599.344115481993
12037276901,4140724725,2443.165,23522.285859465483,2524.159,15456.001252008818
9649067073,9491106652,3309.3650000000002,24995.772972660292,4141.576,17793.83822913458
12054934017,12043646591,895.097,2645.461379833777,898.059,2642.723583724854
9069673254,4749115025,3964.075,27061.982209495764,5155.467,14527.032051538754
1184434065,5172717971,3059.511,24834.513916484833,3514.197,18859.97964835781
1184302153,251567022,1552.672,9801.524263673393,1652.606,9440.034520350198
12047605309,12043008152,817.9069999999999,3684.174008845932,853.882,3652.7545442002697
1224940793,417104879,1857.6309999999999,18749.016075664753,1869.115,16233.019389448718
4500210684,7905060656,1666.646,19993.475205930557,1748.368,17132.719498747163
9750239604,1609840410,2952.205,27130.748094388346,2955.633,27016.56145944095
8331181883,5628630328,1597.807,11732.39691976806,1647.938,11583.35279368351
6982518791,12049363173,1890.893,11629.696770342916,2063.62,11112.583050407544
7022077233,3609856628,2148.319,11929.622691047804,2456.227,5912.65416831391
1639322630,8988937258,1914.173,7281.695517264702,1914.173,7281.695517264702
9685505404,9550356858,1234.854,4310.734313455426,1356.067,4271.311725644603
4796231105,6012094280,3896.168,32755.301009788156,4657.327,20781.53304012448
12071833731,2461277859,773.55,5843.31486267873,831.115,4940.636871483789
3438115306,5892279933,2785.48,15076.209900553335,3417.694,13947.285088098959
3721465622,3526934439,1392.314,4151.030859995008,1392.314,4151.030859995008
416905218,9970895380,1191.105,4379.306123166178,1191.105,4379.306123166178
12086828406,12059177731,1621.423,13409.61319200775,1958.847,10276.252884647782
12068445316,10542624144,3053.178,26177.521337824244,3403.7490000000003,15675.971675148801
11459969234,1611512065,3155.411,32332.97728454069,3178.802,32309.25920070652
1445757300,7015168452,3761.694,31258.75703978797,4461.77,21674.31312260183
2934032086,11209688333,3089.36,15144.574323273026,3342.358,14702.877460600013
1474082434,1023502111,3338.981,55154.56057601594,3339.272,55085.55884532449
12031162113,8615497870,2773.464,27350.38892439068,3594.658,17476.291140389883
12068117849,9525041050,3201.991,20420.082156571258,3344.32,17392.67040091498
6362119017,5380813175,3242.827,30862.995798777425,3861.521,22962.230041601353
7667022126,1453882763,791.51,10276.101989335115,791.51,10276.101989335115
7684368728,331583587,2927.9900000000002,28788.216463036053,2927.9900000000002,28788.216463036053
9399741187,12197723913,3383.462,25931.433845038406,3615.918,23735.585814079986
9761973709,11191777718,3646.65,41606.318386971674,4393.531,27035.313808825947
1022938388,4816544797,940.189,3800.931824538314,1273.5910000000001,3516.0919025305275
7968520635,2108786700,3115.791,32310.207303700387,3629.88,24063.427825752708
4073552757,3279200513,1358.382,10148.477554589539,1805.392,7532.571130819297
11587473467,5296416882,3872.031,28577.562929809694,5971.982,19816.80945993073
7440875185,12045464872,1889.548,16930.972848068755,2702.777,14763.53571954477
9737119266,1302610458,1308.512,13418.91879566054,1357.505,13309.769211264618
11594481489,23666905,3955.184,31753.014265036996,4773.654,25673.868182948347
2963872201,1335415533,912.881,6303.215929964533,920.2189999999999,6137.4698031871
8066841978,60491706,823.591,1757.630044693521,824.785,1636.4253128765881
437016868,12071166307,1605.623,5944.490477904905,1616.884,5798.052018925577
12087092387,9167542431,3258.621,28231.9325749764,3899.2400000000002,12566.86570970337
4924099660,1602055801,3430.599,14133.454974876671,3623.911,11500.824680560643
8615727926,9210194647,3383.6,21151.967545188134,3759.609,17350.624197865796
669262126,12071213460,3788.7,42178.708187993034,4758.21,29654.77694686816
5377802110,510114709,3493.951,20224.634768255888,3944.998,11370.84924998266
2566198245,1856122902,1285.382,5903.137942120931,1351.8609999999999,3748.6546627134103
6370685977,5889097046,3478.858,31122.54740574622,4304.466,19469.672249699335
2791896278,6366574341,1955.136,17814.841957789595,2106.794,17051.152225758327
1276695165,5895946047,1344.033,7762.716647028227,1344.033,7762.716647028227
6185387556,6034078428,3575.146,29573.89108769089,4065.57,17967.006251454626
253929560,3288886142,2908.772,13397.57912390286,3975.134,11864.273620032516
536624247,11212135059,3803.9,35353.45128961752,4753.18,18713.071791059745
1354821311,4379670130,757.444,3456.0170752562494,757.444,3456.0170752562494
2463125503,26464269,3621.8940000000002,39025.28715378139,4301.453,20586.87390016663
12080114159,10659692699,3196.114,37550.0410687316,3947.239,29724.3414623551
12159580303,5083872812,3111.781,28710.249857683553,3593.3559999999998,22398.073414266244
11730937928,4785519603,666.92,7107.063859021494,680.558,6911.989145356767
11418318937,1109068206,2761.747,18591.78253395817,3190.781,13996.261043124288
12020387568,3444405437,835.787,8618.54813761551,835.787,8618.54813761551
1277489776,1277349577,753.4010000000001,1595.828683544241,753.4010000000001,1595.828683544241
11418126288,3405332795,1638.6589999999999,6998.34023026969,1698.286,6689.579891071984
567390600,6556000350,1511.915,4171.285573068503,1532.92,4151.60432404899
4130478510,5268092093,1019.757,2041.29362243057,1019.757,2041.29362243057
313717796,9831875741,1496.699,5686.795223604234,1517.602,5609.898265175001
3966471898,1245128714,3488.065,23226.95636413038,3738.871,14799.505597604359
12291978702,7062623932,1415.753,17435.777647161856,1483.911,16918.029943650978
5130759846,4345524715,1584.902,11255.635564610071,1584.902,11255.635564610071
11224809269,249717501,3653.579,37644.43949172273,4253.345,19127.880719396453
890085512,12049478818,3942.324,21900.58479741736,4842.801,20304.76796688474
5033142164,12060986541,3179.697,23216.74721681713,3998.354,15380.546790535534
4677426857,11415007467,1792.863,4503.951500971143,1871.863,4362.049254012849
130143409,12047425084,3553.287,34877.490873397284,4405.855,21387.756503690143
12071519564,3840270050,1737.674,13074.387317830573,1797.624,12394.3954807101
1431043483,1385176460,2427.413,23008.95060262114,4089.179,18533.772292144742
1613166626,1516415278,1764.991,3960.3917682513065,1764.991,3960.3917682513065
3442793287,7707201920,3627.701,24165.654760489513,4644.327,15764.589544621014
12074884491,190951308,2073.963,8072.655698286482,2088.295,7111.004644441265
3966906569,3043542997,3743.4139999999998,30008.123221634847,5026.195,24149.420263264696
34916420,1588240287,1559.6970000000001,3448.6011229320384,1559.6970000000001,3448.6011229320384
8907321702,5042596520,3616.409,34152.12815341457,4439.87,22734.10270160703
1036616266,194617014,1734.758,19113.5662669199,1954.748,15016.20141179298
11176813167,9318346236,3219.726,36897.3305978184,3224.6949999999997,36748.29129812828
5083509387,669261933,1603.057,14790.532383008598,1737.11,8733.960878800624
2428797768,11419662843,1874.242,25010.156381796678,1874.242,25010.156381796678
1636312065,6612760615,2579.26,22595.490097664908,2947.86,22016.363637895964
1500082837,1501626498,1683.304,6235.9944619267835,1793.2630000000001,5746.950322843974
7617283799,5354635407,2862.725,30817.637729051792,4138.209,25008.82438014668
12088720993,12063292667,1240.567,6857.87481316299,1353.578,3312.6111495795617
2231891390,5263726009,3843.357,20444.805583607882,3977.969,16714.46536020766
3528381833,4784087025,3047.165,26196.70427602161,3090.769,15583.746311391018
11983517976,1715986936,1292.0059999999999,2938.069871960753,1363.659,2833.7419594784024
3151388372,3060446345,3231.556,16547.41261030671,3427.381,15658.684842535933
4140713632,11415606600,2586.152,11556.54458912406,2586.152,11556.54458912406
2694722608,12085140651,2065.129,17847.74294047716,2219.367,16656.600939610835
661138812,2361553124,3754.588,26023.72306012101,4664.58,18575.70544128935
32650990,7713972399,2701.46,20311.874524039344,2930.7290000000003,11353.74688495183
245927791,245972336,2355.837,15782.178511788305,2532.009,11955.197536365155
9063528254,1908112190,2275.466,12145.400262833657,2749.873,8286.408855561474
1914509843,2396611804,1216.012,2328.6663409579623,1234.558,2311.7504367292386
9029169628,60756036,2916.456,30581.39405009463,3319.893,16868.89274571817
26731883,4801197974,3808.228,35296.32338370441,4421.708,26022.063819668107
10047211434,11830454483,2089.878,12378.843275820675,2349.884,10522.45819528448
4994830335,11488971418,2288.493,15380.76163511539,2635.688,14197.848056014753
11569933894,1498099390,1118.3700000000001,4031.1643955287545,1118.3700000000001,4031.1643955287545
31918188,11892846502,2223.4410000000003,13622.094277046011,2627.704,11400.149596677076
1297040303,1553914604,3654.459,34663.21154712885,3957.345,30499.495330386533
1564835910,1564821304,1850.1249999999998,10425.225961370335,2700.091,6534.40953778902
6579917444,4674241014,2861.661,25084.27132814282,3444.511,18154.374017347385
7284832158,3757392754,1350.949,16222.391433268094,1368.224,15033.64877875531
11980248145,8883130216,1517.371,14151.202024540986,1818.643,12757.894592019233
4099004112,7555026848,1770.675,14103.196924861597,1802.949,13828.272920219837
5561516676,5561516621,636.87,1486.0532802825287,636.87,1486.0532802825287
11842217348,10665149118,2278.223,9933.201470895081,2281.794,7472.483102673124
1372124932,1235099342,1430.855,7508.3194620556915,1430.855,7508.3194620556915
1237050994,306508906,1535.496,5489.765910680963,1597.947,4170.10032680682
3381974536,1488480684,3020.831,35559.179236894895,3824.521,29190.64740224208
3809993791,34916418,1180.055,3787.0298053335614,1188.732,3733.7454943502253
3114677623,1216773064,3071.39,22414.96118746653,3278.608,15567.672438823616
12188255981,8886945415,3558.525,26488.289456784183,4223.189,17407.25067359369
5473959213,11582328335,2465.256,17042.085852511133,2754.727,14939.698993315871
10659714156,2086402540,2779.045,24324.784584887984,3247.286,18001.206718438872
5538169855,6203108906,1715.797,3645.6152207789823,1715.797,3645.6152207789823
5759984026,12055459436,3139.815,16461.43650817792,3204.551,16067.540523477703
6796052408,531345243,3633.486,34684.77576905575,4027.52,32578.662644300573
601663380,1190795619,2898.857,22560.259490969238,3266.738,18170.753998687553
10883137366,6180681942,3220.112,41221.32247605629,3805.807,25220.650426246386
10665149121,3509753814,2504.0399999999995,18624.33400295097,2996.323,9553.976213691223
12049065859,8906764447,3279.458,28373.35867494669,3972.358,13524.762376222756
12033541141,2483734914,725.633,6272.882567347949,943.72,3640.80478282515
4970270032,4784788321,2295.849,11574.853937980293,2295.849,11574.853937980293
2848982080,5448744070,1677.908,15749.389692909217,2927.746,12739.676960635055
5459536056,6149993811,1094.941,9942.604419072979,1923.811,6256.89118146289
10844707462,12075174533,3100.634,9740.546170864603,3774.869,8838.172734470134
12049282903,8856631436,2437.067,24517.835278661183,3160.36,11932.140790960791
10824504861,5889097047,1853.87,8914.888255206508,1999.565,8282.072499543285
9960365363,10592129760,2273.527,22624.524516489644,2377.937,17614.18418906389
1609834177,5559280652,1934.754,17893.410567977262,2922.674,10032.4716222849
9767860411,12041990889,846.797,8152.697602952465,865.05,8118.597924163051
10963905037,9649067400,2362.734,20403.822627329784,3153.821,14957.759938842592
986570082,12048979935,1615.682,7479.284545729888,1735.001,5760.721593013835
4962559463,3405322209,3432.166,22848.99538643186,3690.039,22541.376349878865
662194858,12068158570,1327.3990000000001,7602.655551980165,1553.87,3260.4432670067104
8555352705,1038116327,1901.248,13716.246174058713,1972.67,11588.26847136616
12049478994,4071650823,1437.0149999999999,17035.76547975145,1580.358,16892.2524773171
1836996461,6242748953,3812.263,30408.90997013941,4348.146,22438.170938425144
11407552072,12278366842,1975.124,10456.105995943812,1975.124,10456.105995943812
11594292928,12063119515,3877.044,39611.662827226995,4917.144,29862.410137163104
9649067352,5102782332,3865.942,30806.05203121509,4527.082,23333.860445449474
9280459865,12188034397,764.0880000000001,10395.875254387849,949.987,3397.157835483494
8775922702,12069613508,2121.606,16066.022972215816,3008.509,12636.457689686995
7656478049,3085893751,1459.128,4170.740831933245,1463.735,4144.174998849297
2645531521,2929050147,2662.839,10596.301379535982,2811.358,10372.66480424178
6759103850,1569131750,3853.482,15658.490691286552,4033.527,9065.158003375818
3711920252,3284792209,2043.857,7982.914732944604,2084.506,6051.803535016735
1516355917,567390449,993.413,5320.227535939637,1016.336,4583.972365203317
1403127438,4351248182,1047.875,11030.51897450473,1047.875,11030.51897450473
2709545144,1571233789,2946.0969999999998,10462.008196788118,2946.0969999999998,10462.008196788118
702782006,602531996,2377.48,23300.201334354515,2497.3,17198.889015830136
190823168,12055636681,1082.93,7389.5344497062315,1140.832,5231.089562878752
12147575260,2801030616,2636.521,24143.389027061432,3523.594,14710.179205381535
12380818610,414591600,3121.5080000000003,16158.203758344605,3724.634,7883.1755234399525
12085140820,2466505007,1021.927,8353.346894770888,1044.034,7258.925453160512
12059177533,12057434139,1419.207,9406.621473933616,1567.7450000000001,8286.333519125938
640601276,11379308257,3043.998,30700.24937068633,3212.18,29397.96669161305
10737493414,11940165257,2180.125,4811.194300080474,2203.07,4489.949424393123
6370430617,10733600023,2024.681,11053.210675057137,2083.871,9450.724981600244
10718718968,2244102861,987.705,9679.050182082565,1198.36,8938.243977383676
10069563969,33152395,2769.346,32961.370118417166,2790.563,32621.89790410577
1038353335,1361561186,3228.907,28992.95752837647,4436.941,22777.17829068685
27362304,8900393127,1374.682,10620.470780357862,1432.54,10454.67910019536
33126090,10846415261,3561.757,37379.05935305219,6965.496,31494.004869779645
11749968195,338491878,641.712,5432.104764224555,641.712,5432.104764224555
3162749263,1301701126,1657.3029999999999,9326.174145686944,1865.325,7781.956626819812
11510788296,3870677299,2294.222,17769.703141398302,2526.073,15326.461385670618
2118084335,6590361515,3919.238,31229.82589831193,4802.027,19491.922624814244
3489666328,6179201471,1720.847,20030.49717471979,1839.295,19676.95038449521
1993703317,12059429912,1758.4959999999999,18645.141482192805,1957.478,16026.671419170603
4140320666,9649067403,2895.544,17075.333030779668,3145.425,16427.950659534687
12042022725,12073696987,740.962,4064.5865050231596,810.796,3932.758194295735
9336944474,4136171113,3499.625,28436.615464062485,3902.234,25682.67263389555
244500912,10209607363,3999.73,27418.796629067558,4032.099,26235.272645738467
1884903972,12063463244,1412.269,2670.01536474026,1438.436,2619.522015350321
1332080514,1394759119,1509.039,10000.004834948712,1509.039,10000.004834948712
2378711897,560962800,2083.9480000000003,8315.69411347183,2102.222,8314.40343143831
4037267646,1874215170,2565.0009999999997,28000.33142896466,2584.488,27711.946024181958
11020771009,1609333607,689.056,3466.8333114384677,778.759,2490.0506056298495
3442923319,2423149405,3401.475,30989.493592573697,5267.6410000000005,23063.10916082985
12049282943,12080009680,2984.816,24125.58883178678,3866.932,16493.400057963296
395380849,7471644515,3419.918,23325.719103786403,4583.588,20334.32288564279
6572175858,674783714,3532.436,24769.573191134496,3808.555,22006.194962967784
12234738396,463517191,3029.484,34710.89490585093,3122.189,21412.064959902276
8665037696,1607370072,1277.73,13181.391346156192,1565.667,12853.641780790318
560448964,11418090565,1190.011,5792.850990755096,1334.547,5638.017109756599
2073912441,12063119087,2541.063,11571.897004687475,2931.141,8286.59978077695
10286682763,4841327228,3193.867,23357.583196858355,3391.48,21290.765943653438
9836298730,986700839,629.6899999999999,2962.225812522002,830.587,2577.9705186862393
6475132653,2844200217,2137.523,15056.58600852279,2386.469,9466.566422622855
5612301178,12015363834,3878.024,27489.97884143447,3948.562,26289.31414160436
2371551971,2383920448,1522.965,3176.591469588201,1528.115,3174.9861215698998
3832160868,2348519008,982.966,11189.575060521107,982.966,11189.575060521107
5435542358,9625353211,3356.967,22754.57865034754,3636.312,19819.327511553405
6943145078,4922677587,1511.7079999999999,6578.733835519466,1533.677,5767.347577625342
10928550633,8149345790,758.418,7228.78689088106,1298.104,6397.904450562699
6812272596,2202089184,841.143,2872.228479683414,845.018,2847.958523879003
5951676945,11525648777,981.455,6246.557624940014,1086.221,3705.4578246543656
4419552328,10707823802,3417.204,48677.468393424395,3800.996,45281.319098152504
10279944563,50051393,3437.216,25166.472014334708,3740.346,19606.19224916509
8880034069,12030879463,3987.767,34623.30183532758,4614.742,27633.221810946758
4015161012,9768379134,1814.8509999999999,9045.32627019448,1974.515,8400.287951822434
9463347654,3263878938,1701.738,12997.949356129908,2012.314,11924.182690725234
12067744796,12071256334,1443.018,16733.113759691434,1807.45,12170.971360356934
7545643984,6657731405,2256.993,25557.138074551713,2386.335,24707.941187223416
1516294681,3683821626,3237.465,29007.24092634776,3237.465,29007.24092634776
12067796260,12043888392,1167.797,2238.5017140965037,1185.702,2084.9973951350794
1332279208,1039435882,1711.42,11256.65268398199,1711.42,11256.65268398199
12073179916,6140781234,2096.643,19286.069148539926,2278.02,11995.459215444762
12291623005,5882880690,2125.421,17117.513853438802,2224.136,16336.981885369649
1185697876,2388875514,1132.228,5665.58837888853,1218.1399999999999,4720.265433813063
1336995723,1636294530,3598.045,31083.89999376104,3679.04,27867.39500975744
7041322633,12047605063,1303.589,6742.661646651881,1597.834,5243.3082609120465
12030828661,8572601342,2688.137,18394.312874053478,2978.265,15076.155703222126
6370039112,306811015,3768.625,12958.142569731806,3777.526,12779.936670613897
4064720321,5341563933,3449.8949999999995,23347.668365020683,3744.2149999999997,11138.39352166585
2386081063,5772590903,3821.0260000000003,23874.169949738854,4162.053,22095.789990728936
3884862040,1276370000,3312.148,15344.539161307404,3629.82,12889.311446613066
9556361960,1474112247,906.856,3457.924152474067,906.856,3457.924152474067
36430085,11098148649,2318.0480000000002,6523.324245751453,2412.03,6401.598174670704
9783920661,4217888605,3720.324,36492.80684571073,3731.353,36349.5360151869
1037388748,387160507,2151.151,15646.008616462457,2373.6079999999997,12652.691313164414
2830852428,10823972013,2553.253,26093.458190759553,2704.116,22585.11644293608
255548629,4718358233,2098.4519999999998,6954.794710729526,2098.4519999999998,6954.794710729526
2321515177,11613324063,3680.442,30405.161098035478,3825.627,29725.14260165578
9332077791,12145040307,1672.194,15443.195609451235,2050.59,11777.862904984178
3243656266,11829979780,2642.531,21763.539351077332,3322.297,15930.271078398982
11833477603,1608224782,2383.639,22903.006662246935,2922.8559999999998,10220.725907325375
6939243142,5986883486,3731.6549999999997,26515.561420543538,4961.402,21915.90885452974
885892380,5737578777,2481.1389999999997,16987.026142278308,2768.37,9052.29156541675
2487663759,12055380064,1573.979,13222.262420242041,1758.7450000000001,6248.921182203918
84463212,3258983104,3863.811,37636.88507376027,4250.124,24345.50078298347
9294311002,9329543418,1097.701,5376.060784172537,1350.9850000000001,4382.394081170343
5373415477,12280122460,3343.395,30081.134944549874,4022.833,24348.168974341086
12029507594,3252042961,3118.831,22837.167823413547,3618.103,15923.75330739081
7707095959,2355644538,2449.583,25900.706051217592,2449.583,25900.706051217592
1037364984,10613697680,2829.318,16413.640463192638,2880.648,15390.891784936632
1314883414,3120180288,996.3090000000001,7080.966135021877,1116.322,5641.8704825067625
1937570160,9489501716,2971.436,21019.47689655214,4747.372,17848.28076394019
12048979956,11830193097,2704.967,17505.49133972143,2966.499,15863.796616366511
6793898682,8223185676,1544.183,14167.226660365664,1597.858,12498.932096708233
9107657323,5113208110,1043.242,10159.663315430718,1204.978,9262.15640762436
2850011760,2061649574,3794.788,59965.87185847725,3800.438,59956.044831266285
11224784352,12056951180,1455.211,10267.646389961856,1557.635,8580.052509295292
20842353,12074935771,3282.498,25811.50794212113,3757.62,19201.2138179764
12073401224,5405850491,3559.313,16647.93103102514,3977.856,10065.564302770843
4743237650,9682587063,2379.942,18421.913106684093,2811.359,15066.577040321245
4215009184,2222526791,3850.304,30188.276954279285,4642.7,28855.79041430274
12055459607,9469235862,2330.8250000000003,22387.983853233225,2525.3,19247.047306554636
1349619388,908750700,1917.361,13597.464438710173,1917.361,13597.464438710173
7422279779,1358036559,1196.458,10713.76868506782,1200.6390000000001,10647.683113098112
12067821060,12061427515,3023.955,11078.499748312666,3272.8360000000002,10667.449216163965
11110907621,11836966067,3666.586,30125.47644678045,3966.2019999999998,27119.177699582353
12079851055,12058944960,2358.325,24749.719089045215,2485.972,23648.82779000866
4226420507,26335093,3316.103,36818.55765273348,3887.579,19705.73991954907
11989780322,12055164383,2842.205,34012.78509276045,3729.333,31941.806999508066
2905326969,35291570,2747.2219999999998,21277.258188502365,3403.6890000000003,17058.928352811054
11176797725,9957439219,3508.781,39532.16423841737,5334.31,34686.235085093394
8880034044,12082417277,2285.326,18128.829845587625,2840.097,12691.411931504881
6665088959,4610337870,3312.822,29928.883065778475,3345.781,29734.5041291128
12071333059,11191777417,3785.545,26431.548387744126,3903.255,25817.537044889057
12043646802,9826162144,2868.758,22481.39268473006,3410.083,15176.629923242632
7280060433,8928439540,1870.894,9927.414382444398,1882.643,9796.549256935561
3920625552,12046280726,3658.083,37654.85488392476,4075.944,22440.658552849232
1817302943,1163735782,1000.784,1984.768552152813,1000.784,1984.768552152813
12057434112,1848025096,2035.2649999999999,14528.101007077517,2539.043,12061.154751253212
12158126799,1500108563,1467.108,5171.28856391628,1467.108,5171.28856391628
6185341147,8838243720,2485.011,27501.696105071926,3187.451,20887.90621563008
7498917290,1613055789,3924.97,33334.3945047738,4505.839,24762.25263210504
10928550583,454393923,3371.868,22232.295690636915,3616.161,18164.492320888687
1326723165,1079864296,1935.671,8727.908211461705,2010.826,7972.774775182715
12054917743,11782718074,2398.445,18846.47241264537,2900.0080000000003,16534.742103991004
4193449848,11620080800,776.527,4835.144393715984,1087.831,2107.669561539997
9364338803,1113044975,1154.095,7687.957146868065,1266.891,5893.063172130641
8397212474,54615242,1011.3100000000001,8036.987738702327,1149.08,6903.025252527687
1184304016,4309104458,1782.774,14927.98613822376,1796.393,14871.773021852794
9834274800,5006393114,2056.174,14008.513872713533,2265.97,11987.489838436311
8906774369,12014431120,3035.353,33640.7332755737,3404.455,31510.936524852757
12014231626,12313720155,1601.076,14579.557796269713,1606.736,14192.569219033341
7074299787,12071844682,1767.414,19460.93225704079,2357.499,15411.79755998668
12057482997,12034910222,2649.05,20547.03447537139,2791.779,16717.214093225608
6793898675,659692303,615.519,6730.672893222114,1079.292,4735.987334868208
4416255577,1645599781,1972.719,15627.658871718773,2197.493,14425.402686049058
1357906008,1408424270,1314.95,12283.250010703103,2758.746,11976.174984599438
11649606446,8274125821,2255.58,22543.523113203315,2278.146,22003.944753511987
2694721330,11201758530,2672.104,25685.323298087096,3336.982,16810.246138595674
1400782636,3908745400,3538.513,30983.445617467736,3657.9739999999997,25143.584800095516
1846206547,5904807641,1752.498,11935.052290185571,1815.319,11210.047012832902
1588221136,3094536021,3696.2889999999998,25664.50355522424,3833.213,24164.838941705966
7356815914,3151158215,2535.2259999999997,28529.49503050697,2636.263,27410.37524839919
7993937059,12179417773,2353.274,14703.853920063897,2593.897,11610.770641273526
4283908383,307579722,3285.147,16053.11507570316,3617.542,10717.74774667
2972138441,6375678879,2970.19,32304.088658768254,2985.621,32092.44164048977
7752817847,529883148,3321.318,16505.492690688363,4166.439,16154.44075146549
10658460227,9286872567,2880.075,25261.886798788073,5709.578,23093.542399565362
1588188836,2364129624,1501.5539999999999,3011.5054111732284,1529.672,3011.2088312418305
1423426949,12048892147,829.7420000000001,3781.8806228856683,829.7420000000001,3781.8806228856683
6814482815,6393255030,1654.207,13892.412654579455,1671.9,13621.269898295925
3464888501,1282583482,1945.937,8899.601712253136,2059.988,8643.123317583622
545841718,538184017,3735.652,18559.318316729787,4196.314,12672.275303510225
4059468358,8656097885,2981.043,27120.222645689406,3920.4770000000003,19907.751611227864
1499070105,11491546010,2806.677,7364.594815598719,2806.677,7364.594815598719
1821354564,10990389642,2878.11,27173.592923776043,3037.966,23352.35485822818
1023431647,1255614584,719.888,8919.905555526173,719.888,8919.905555526173
1623553802,12123809543,2525.4159999999997,8418.304289324997,2527.4829999999997,8412.292924975198
8763695546,9649250263,2844.944,21962.500184095206,3093.632,15512.417574611416
2428993041,2855968205,3974.879,37397.96151807063,4130.581,37158.233429466716
2136964863,4071776053,3958.606,9109.006766625847,4125.043000000001,8908.270728232437
170754800,1789642000,615.101,7792.736712276105,619.963,7620.286390772167
1583892958,3114661170,1960.994,13464.047346318777,2197.292,11920.74415840116
8111370623,9233688428,3082.833,34044.967388414305,3801.94,19537.960980902302
3018304091,3040614279,2005.503,5236.087359885438,2259.297,4892.970434691955
315058421,11418196193,1476.81,10723.061220829148,1725.209,8202.352843831008
8814212463,8865464665,2943.208,29366.94273290798,3803.858,13845.082341110547
1501626329,1035244493,3758.033,18524.731186180656,4551.397,16406.89557012986
4037851457,2073278557,645.181,6327.65398865855,645.181,6327.65398865855
747473841,4994955904,3612.7119999999995,8466.557447333624,3701.747,8394.985690748772
25310827,12055379728,3669.404,32137.594231461982,4758.431,18063.063125762845
1342118670,3848540046,1165.575,2298.4580615981963,1165.575,2298.4580615981963
6864335271,12063119162,3124.656,25053.497159557948,3377.61,19429.595841565253
1899985638,4697423339,3745.008,47823.089733454915,5488.599,36282.87641085208
3270356694,2403789139,2076.744,15019.227151766365,2251.122,13670.098852462632
12046131495,10317007072,3425.219,28720.73194390659,3962.4919999999997,18675.44656671953
8223185595,11204062652,1780.884,13984.843844558565,1782.503,13906.091373629322
4960204418,10694981325,880.345,5995.056145038589,880.345,5995.056145038589
11573776402,4768429550,3939.653,36426.93716312555,4601.652,22493.179579249507
10771932247,315478192,2133.424,6301.335058912257,2133.424,6301.335058912257
12057434311,11631797740,1279.263,12646.855348852865,1296.451,12487.363434532997
4071415118,4071633296,776.943,11967.538667040844,776.943,11967.538667040844
8887505982,318717715,1612.6190000000001,18066.46262338302,2023.406,10017.223537665855
10069418959,7897262662,3579.863,36573.16291651295,4032.154,33585.35823368409
74793727,8987853929,843.957,11158.445874300094,843.957,11158.445874300094
4007830397,470607095,785.894,12583.554431710176,785.894,12583.554431710176
11195675759,12069585573,2931.251,29599.827398862573,3881.034,16621.355072382197
3147851811,1474023454,1158.792,2732.8608705465513,1158.792,2732.8608705465513
1403366169,667387612,2240.6,13855.033816143034,2310.019,9524.012341023305
7644575028,10811863021,2514.311,19280.498891113246,3050.539,13876.197899553847
10603605388,4140768006,1493.116,9723.567249080266,1493.116,9723.567249080266
2254398342,11780609032,3907.415,22701.428854457026,4210.628,21117.913802029736
1333541910,12055500276,748.993,7531.289415072498,754.1030000000001,7513.532584777664
1468526770,975480709,3308.915,32669.425972386638,3966.871,14213.040004639806
1107374044,8951711618,2371.61,19317.84477837921,2587.674,15435.439940005761
26079706,2108782579,876.908,5749.394426613768,930.489,3477.5213684956234
11998247598,2422748280,3130.846,25769.727272790376,3554.479,19972.74094461012
352645124,9343257900,2859.697,33214.93145436335,3470.111,21834.314892113507
4135982300,3834208284,1219.462,9806.972038174488,1219.462,9806.972038174488
6348251479,24485763,1476.834,14340.20521744213,1707.639,12474.88749050711
4489680766,11411445732,3538.078,37974.4820028915,4944.407,31188.285697807318
10072761210,12084589939,1188.926,3438.0524649038143,1243.004,2475.034260261226
275647372,3578693267,1942.7540000000001,26404.208903127233,1942.7540000000001,26404.208903127233
6052710806,12073530652,3825.884,24250.584251312855,4214.244,22152.509712213905
11411646592,1373825377,3491.125,28711.237472882647,4007.569,23421.76922116237
11967451267,2472117585,2963.893,20801.318978976487,3365.784,15805.801576656615
3830297584,3378236380,2368.036,14086.48116700286,2856.212,8788.516929055304
12093663889,2436779188,1852.5240000000001,4322.943619257616,1852.5240000000001,4322.943619257616
9765727036,9760786278,1007.724,2492.5015931052058,1024.289,2150.583107631807
521225504,4592271783,1108.1280000000002,14529.325785867872,1108.1280000000002,14529.325785867872
5119371750,5754347797,627.4879999999999,6297.618818112248,627.4879999999999,6297.618818112248
1921830164,11366421132,1306.597,11583.02111616598,1426.318,8962.601191198943
1454628993,1566655370,1388.586,12912.647479362464,1388.586,12912.647479362464
4071785723,667282272,2695.7819999999997,34576.567576211106,2695.7819999999997,34576.567576211106
34401987,3846297553,1044.434,9492.347980226634,1243.734,6699.341550092963
4136037935,4136028215,750.807,10754.386136438376,751.2629999999999,10644.312733546443
12045464983,12043602007,970.182,3654.4109098797007,1281.402,2541.352885116723
9063528229,4924099647,3173.941,7969.885504130146,3196.097,7924.38693979961
10819639814,6970451223,3765.261,31005.151656723046,4384.169,23118.7698791445
1837043327,12043646540,2410.346,21921.197672125745,3508.761,14506.521700598065
1989406405,519660800,3886.814,26525.78675341434,3903.872,26513.312139918304
12049132552,36633565,2115.942,6977.083955505954,2620.275,5106.754299121453
1101823590,1615424932,1731.277,5655.1419154034875,1731.277,5655.1419154034875
12056828868,12071096027,793.606,6642.113382971609,921.103,5025.375576134523
9671558617,10658893245,660.3539999999999,6793.249444099697,681.5509999999999,6571.222852423587
12071666072,9175425840,3728.878,35597.564439645306,5125.296,23424.224548530296
12043219829,12046133201,2716.839,28512.24961788268,3410.911,23146.938324642877
1393470558,11415606486,3181.332,19728.144065721113,3240.414,18945.646868026743
6207203267,11446444705,3720.349,31321.480599984938,3720.349,31321.480599984938
1412610533,7617283856,3437.978,21514.421126594523,4585.695,15229.457840370496
1336989028,1579267855,2597.343,20503.83040156837,2607.074,20501.374666991127
12329729624,3847042409,3734.83,47541.68891029238,5377.956,34317.868304432974
4785167712,12040436746,3065.469,18999.908955975545,3625.362,15806.377778476053
5272533741,6482828230,2954.388,17137.135493740105,2965.43,16958.723848704576
5186318629,9685853258,1966.882,9179.919990567934,1970.922,9127.09592787612
8005695000,12060797055,3157.318,26091.31330583593,3917.137,16752.96812132882
11411445765,1874062229,2603.225,24721.772833614425,2658.361,24383.602286141955
261162628,1103407910,2639.7400000000002,27019.832616102372,2867.885,17077.563099824976
11598560227,12071611986,657.708,7513.388612980766,660.439,7429.178794944947
1819874062,1453882757,3247.178,27021.40562914942,4398.354,25551.37517298393
4546765638,1388448453,3858.8,42246.04268029731,4211.264,21772.325118596
1885041296,1885041323,702.658,5862.7904005228565,729.1610000000001,5766.747699202174
9063506362,10868952819,2841.107,6285.26602184634,2841.107,6285.26602184634
3985806599,4165756953,1037.327,1934.1271242532944,1037.327,1934.1271242532944
11340447605,195748237,1947.093,13335.555506410088,2197.32,11539.666019924849
3076782209,9721586710,1829.734,16861.535311959247,1830.461,16341.917745520173
34735638,4037164642,3010.978,35488.071097547734,3078.6710000000003,33209.40283335838
3145113743,666854852,2618.736,38289.486969126534,2618.736,38289.486969126534
12071744762,12071808078,2169.253,22829.21517389718,2493.483,17207.708184964697
779459233,2715112351,3660.473,24795.391410512813,4021.345,17286.787092295443
1600720638,5836874755,1189.604,14311.678378565683,1189.604,14311.678378565683
12067894252,3048045992,984.495,2015.1666089684968,989.644,2013.0708465140906
2470838190,387463030,3836.054,41568.30164657432,4733.8,24363.69875521432
12188446560,6418903539,2781.627,22467.538235447268,2923.641,20930.75906217821
12380994799,8972143807,695.841,9024.091226655903,751.974,6341.467435256277
3789339708,4438219658,1665.666,9176.613143270451,1665.666,9176.613143270451
7752817837,1127989208,2199.301,11852.667556025397,2199.301,11852.667556025397
1936144401,3657870239,3134.397,15288.52808655604,3283.475,12445.051954295022
2198824123,2225115466,1743.3709999999999,11614.143046657275,2035.864,7788.943012117507
560414727,6020985807,3846.836,48374.02493176515,4138.845,46315.01040312401
11904257773,35393053,2365.191,19831.49526300228,3858.288,15886.45763684582
5707794939,12299203090,945.6,3177.545980943065,947.261,3033.1708248649857
4071803659,4529983709,2767.178,11735.69641085817,3583.558,10644.53379961139
12045464904,55457380,2332.92,14940.106233288252,2412.351,13931.666407791496
306500427,1498764228,2237.953,10801.120244732678,2237.953,10801.120244732678
8149345771,5889097042,2219.919,19129.20361038908,2805.898,13896.779105741258
9214476872,9666214484,3699.16,32736.133397302077,4411.126,20415.784244422735
1409705358,9048581796,2847.751,30720.197757566195,4079.571,22957.59707276692
6961555654,9880944571,892.397,3524.7903508246854,907.535,3448.2983440537464
11406194655,7923507013,2183.684,13536.186439358647,2227.386,12789.688369763286
10989558120,6433181107,3981.138,29177.542697791487,4547.873,26321.505256503056
9630290485,2843677442,1820.933,17885.20377985663,1993.323,15623.629802830796
12063454461,7257863460,948.831,2131.138349364304,959.989,2129.5971453734037
6252609755,9724568343,1452.824,15065.579679030394,1452.824,15065.579679030394
10658830553,11406626463,1172.45,9497.371586155876,1173.675,9361.363158225184
11009945312,3789339706,2812.572,19769.28675563621,2815.716,17575.59315995668
5900269716,4662785946,2715.18,13642.324198703845,2969.699,13392.978667793455
12049285486,1777359694,913.3199999999999,4867.498668981192,1162.272,3306.6405165958495
1277374685,1326895704,3157.955,8773.760270873736,3449.458,6948.8646971637045
1600183564,1127773443,1205.054,5215.65776569348,1407.805,2956.8296843142607
2155791608,9463637500,2865.685,27242.16048582886,2988.332,25329.56954815185
12056808126,4745563075,3353.84,32614.561782791676,3499.193,19724.84697496281
3920625770,8615727956,3896.645,27606.31232534015,5510.328,21693.46014772893
10690842722,7012463933,1636.155,18165.221444997012,1890.77,9052.744482393531
245972358,8851220888,1273.346,11967.82569264933,1806.104,7664.324001404131
5261592574,3895463765,3100.554,37378.30012906856,3737.6800000000003,30807.642762357213
35408672,12043601889,3771.293,36701.52144293073,4852.301,27141.745157308975
3992910015,1690524189,1726.162,13663.538436581659,2520.768,9151.187901409197
9757508280,4136115354,2750.029,31108.696774472955,2750.029,31108.696774472955
3834208269,6581335608,941.205,7128.112001336234,942.716,7068.2059821232015
1609958783,5083444596,1862.866,20767.377550882877,1963.536,19530.32288669085
203963950,6329523095,608.082,3009.482684782836,608.082,3009.482684782836
1846206558,2555369509,3750.549,40780.07475051999,3816.05,35754.35609996377
476305724,3571172299,3931.4359999999997,36336.90954084088,4505.9039999999995,14806.592069440336
12056949244,12069620997,844.499,4110.354011250465,862.366,3961.7617386526063
2764250814,3552894988,3471.885,28943.807503564676,4899.678,20283.72042314517
646750859,10973364798,2062.187,15179.203150297091,2145.261,15027.213128226642
3018274038,7650216793,811.9449999999999,4888.223057311074,811.9449999999999,4888.223057311074
245413993,2856131749,1052.996,7824.1896464528745,1052.996,7824.1896464528745
12070075284,4851020024,2172.279,20151.279965989983,2466.774,16823.43427234079
5033161166,801722116,2990.763,15472.92124727429,4811.817,12145.658616842788
6263884526,6336563610,898.272,11056.650416284549,1002.655,7944.021119161449
2440044537,1733806048,1092.869,8704.248403001357,1154.483,6996.127078327466
35885646,12071304513,714.0849999999999,5318.325039338029,714.0849999999999,5318.325039338029
4623863852,2709545144,3187.38,22175.81912727679,3435.588,14645.084537633567
11345948728,9615112198,1886.402,15290.093888066967,1913.492,14821.387881618608
254168149,2929038269,1124.76,9672.692673760237,1339.478,9558.672467387794
265624450,3833812881,1952.668,3990.561135499055,1965.923,3981.982028896277
4015523524,4756682317,787.9240000000001,7075.789272482233,811.03,6246.317435580074
11612892139,5521012851,3024.832,28100.896900451466,3522.708,20948.72537765961
12160604673,11060617196,2499.625,17355.120849299154,3370.42,14223.331155811666
9037455356,4568845636,2802.877,22439.36194611507,4420.325,14092.797500829089
9772814477,11833519821,3806.333,38770.36274056404,4832.823,28277.11367577154
623882668,2316977705,746.989,2437.0650508934104,793.086,2169.6797441445424
1474024337,2850016779,671.095,4186.058797357568,692.919,2993.584793292383
8752448474,6360104571,2106.825,21364.83945500641,2545.111,12330.035599388051
12059596660,12060872540,3259.415,24575.9516446042,4695.816,18063.01118491194
3114680389,3114684207,611.048,3582.3815595963247,611.048,3582.3815595963247
517330720,9324876946,2976.117,33281.39221400645,2976.717,32945.9963839685
6375931800,6255464276,2674.815,30206.554928879617,2786.267,28352.34641689403
4603017384,6360104544,3032.585,35249.588298306,3230.136,31767.571717107472
244509492,6762555383,1103.0629999999999,7966.491625343744,1103.0629999999999,7966.491625343744
10989424683,4387221616,824.9100000000001,5704.1293183992,824.9100000000001,5704.1293183992
12087167986,9836298755,3415.179,16408.892241397352,4185.993,11251.908387127463
6229936002,9643292952,2853.624,15462.516466004534,2854.871,15460.325565140483
4120494160,34916408,1833.114,19871.369860100163,2404.0190000000002,11752.845433400375
1038594993,8555352700,2734.635,19515.56247230119,3156.938,15081.700190129608
5657136824,75364461,3800.975,36081.864641586864,3807.026,36025.90499456319
12049362121,11563937463,3937.813,45495.39232280484,4502.637,34464.08664676184
6168795524,9512385724,618.993,2918.9350683329308,618.993,2918.9350683329308
2304476008,6942932209,3319.335,20881.169432881732,3774.238,17049.52802508129
3417494470,5306180970,2699.032,13446.043296530268,2871.7019999999998,8948.899405508864
9490521872,11942780879,2584.358,29475.69732600414,2584.358,29475.69732600414
2160014854,8832699232,1231.726,11269.117787961555,1829.468,9216.664425367047
2205337246,298628167,3018.0969999999998,11197.573431710138,3166.409,7484.356630960656
667325179,1610663563,932.298,11737.284347903633,932.298,11737.284347903633
12069347670,12071539369,3526.547,30376.837261981163,4186.925,23077.353753396375
940562939,7707132624,1112.338,5489.888420060157,1112.414,5442.106145234725
12084627469,26086127,1127.5,8428.136164272175,1143.101,6254.131296438165
6261544730,8762800,2024.448,18317.893071726874,3184.568,15863.93562520498
11981051134,5157871263,1505.523,10280.179674246707,1552.184,9744.989789204466
1600737086,12090161600,1469.69,18241.143177622405,1469.69,18241.143177622405
1720748092,197310510,3642.584,38793.91061247102,4037.822,29741.889225695504
12041453277,12078118260,961.205,4458.630375813558,961.205,4458.630375813558
4103522838,4740069724,1110.214,14258.866927778741,1110.214,14258.866927778741
12041982249,12046021156,1981.999,12415.743810385597,2317.079,10908.134693260063
1600720668,5844830272,1211.422,14450.679246207668,1211.422,14450.679246207668
8538625116,12047487069,2130.6,17690.7423148118,3128.403,14109.650806000793
11420145623,3975057574,2600.805,5506.238074202005,2600.805,5506.238074202005
12061513931,1051082350,642.354,1343.8059540996223,642.354,1343.8059540996223
2266708789,4301053509,680.961,1512.3763560657146,680.961,1512.3763560657146
5628630416,667339278,2544.304,18055.89680180634,2600.166,16753.503415802257
1930141996,249359693,990.566,5278.20752227431,1032.641,4393.317111428758
11195675745,9239224198,3568.238,33421.46602963341,4708.2789999999995,26332.743237596715
1277469182,2347665960,1883.643,6698.558165896047,2386.384,4741.973989784622
2838244183,7504145582,2904.447,13705.715007647294,3579.878,12518.64139405749
4622566538,569952256,2461.993,23128.59546053715,2461.993,23128.59546053715
1474023566,6128861237,791.803,6414.603834566483,791.803,6414.603834566483
1130780593,102619032,1026.234,3062.040483275442,1026.234,3062.040483275442
261210280,1532768463,1903.8899999999999,10458.423186616312,1903.8899999999999,10458.423186616312
9222112778,2199299913,2068.04,18855.002715030416,2110.184,17031.873228043736
7619893100,12047487075,1076.988,9612.361396172404,1432.853,7078.705282002252
4140667344,244499791,3169.265,21279.52636866247,3290.381,20939.49291233726
6872117982,6185387561,2669.301,19793.984891966942,3916.365,17820.826221204694
5895650905,6448587002,3694.28,31722.634671043797,3904.702,23378.91789868702
2792761137,3270930175,2407.473,11441.302455502286,2729.469,7833.7445372967995
3954111167,3274652748,1135.805,7418.5415794615055,1135.805,7418.5415794615055
8995441065,1501672293,1761.35,8106.123210690445,1761.35,8106.123210690445
195270,8111370636,3142.572,21823.826894342346,3528.468,14070.065385867583
5720917864,12025225912,2434.166,19624.28046315309,2857.881,11738.252995586083
3137446298,1383005019,3689.935,45809.99473756557,5449.811,18814.558843145147
2973877608,2006647653,3618.959,39465.84841032543,4408.075,30137.248422066397
2334231268,12101232591,3970.088,42755.9874989841,4122.891,36322.06388953802
4650297067,3417494603,928.479,6794.940919166929,1313.428,2959.174745586547
12073541473,1956148137,3294.487,16891.184420470156,4005.177,12103.084344343175
9666214502,9795491533,3550.3,32551.96891259488,4228.28,19541.195022564287
3203021088,1470854877,3703.429,18142.31097532159,4739.928,17742.735932802872
5210570394,1474024336,2456.709,21095.59353706233,2501.697,11071.558002569567
2234938963,2211193819,1199.263,6662.725139303073,1829.765,3876.2334570998655
1403127353,1589098606,918.101,2063.8825236131197,918.101,2063.8825236131197
1280314069,8845913678,3324.647,24377.82987417611,3798.569,14628.430915087774
7027185064,1357914480,2478.7019999999998,24115.112503388827,2478.7019999999998,24115.112503388827
190951290,25321447,3958.109,34591.03823504288,4683.383,23222.998837598614
12055500539,369003717,1639.561,16360.61136637302,2883.889,13427.708136061237
12343218479,9068909613,1148.253,5399.849286120055,1148.253,5399.849286120055
12025327315,31918192,2940.527,16172.79187213402,3182.31,15968.278531128859
11574119014,11613330920,3630.722,33419.06257442382,4190.512,25990.25018482599
12045529087,12045178151,933.933,6387.830534166743,1048.951,2409.9735323628515
1682387612,12083171596,2413.312,20099.978208125056,2660.713,12988.268844955348
3837825858,10778497379,1119.4750000000001,5093.080713504687,1129.324,5066.897296470422
6496430839,672151759,2401.761,30772.284521231,2411.313,28827.361561409904
250624374,12276878448,2999.562,25909.149024581788,3039.651,25865.319126373597
195735042,202011547,2755.257,30801.666890745706,2935.84,29790.57073158938
641792071,1328537723,764.253,5869.201026725701,764.253,5869.201026725701
5178134217,11657036361,3329.952,43540.82739983759,6437.372,33029.464440875956
4611534040,7130363091,3397.3450000000003,32925.58741948745,3450.661,31584.629650789553
1035269067,1325757830,866.748,3079.456135303841,866.748,3079.456135303841
11509487107,12056828781,2907.487,30965.357479419436,4385.562,25639.803384156345
2375738856,2911161901,2735.441,23102.937703739004,2779.271,22575.288609376046
2289084735,9927234053,765.4050000000001,7216.754575855602,929.828,6178.122830477023
4740116279,2116549549,1359.758,16269.826599180935,1359.758,16269.826599180935
9953403758,3683758088,2993.5350000000003,16846.389336063596,2996.398,16630.109419607692
2452579576,1376049947,2589.02,15919.978329021242,3093.474,13662.559992584758
4002267791,1826626624,3205.36,20812.49726765786,4821.38,13358.457665181944
7266080144,2696701500,2457.747,28932.400832717416,3912.799,26142.33179318827
10659692892,10302440126,2085.935,14620.133373809836,2158.559,11894.976162599854
6012809977,8676910988,1386.756,16937.94371974062,1394.633,16604.336890669394
6996532231,3830557115,2596.111,21622.58136415371,3566.576,17962.535150101514
1459021981,1459022061,718.638,8307.173101248205,718.638,8307.173101248205
1783090252,10658862633,624.518,3776.1775922466263,629.332,3513.2116568077595
11141020146,26296856,1879.965,10421.15433402841,2182.551,7515.399814765357
3259665610,6375872188,2923.429,23355.77016323543,3460.557,19111.213440135427
2386444735,6964768062,1369.539,18530.509347963238,2018.612,14027.940147095404
244688056,3760017646,2624.632,20910.380099135706,2866.32,19332.88757227968
2316977714,9702737207,1100.662,10805.077074922647,1352.288,9400.743516447807
490664273,5254424569,2889.694,34214.62738427197,2985.153,28502.457480566292
1897883410,1897910422,1140.386,10850.301570719423,1140.386,10850.301570719423
1423304176,4890462665,2282.317,14210.674683910198,2518.576,13051.369183218092
8111370686,1428908249,3410.39,23464.63678333998,4124.226,16489.111533795753
4269834528,3887707597,1184.007,7413.458450190083,1762.737,4965.103695485038
545900371,206227346,2793.785,14428.008775165377,3008.679,13720.703804837818
6297154721,10098201539,2422.014,25758.232566212297,2919.575,21374.118330867037
1949189998,11201403683,3470.122,34713.55327413107,8516.575,32589.68650338338
12020271032,1360109031,3811.595,40300.64815350305,4427.921,32200.068383690406
10659693303,12058911757,3076.379,21093.5610527138,3393.715,14550.676786089309
1468509508,2317541483,2246.376,14130.259619262835,2332.67,6975.589706965236
9124382329,2229204483,2106.311,13963.714495835127,2759.119,7869.395773930345
34499745,8560770389,3708.053,29349.74746415626,4505.49,24148.34306011142
8082571117,12100310349,2216.886,21056.991302745057,2456.963,15892.162921063788
12049478888,9239224174,1262.555,13596.95197279297,1291.302,12411.497720999008
27135037,1301701149,3990.797,13846.055654968844,4202.562,13150.32049439418
12148524537,11425439743,1844.893,16967.88768738868,2415.766,9717.909363007268
4070566681,1355579572,2197.7180000000003,17756.148054637168,2197.7180000000003,17756.148054637168
12061289036,1412610533,2811.136,17383.536309639156,3647.753,12148.800084910512
1335769914,2620182551,1566.0710000000001,11569.59765801274,1829.825,6980.316953470989
12071808079,1425726888,1675.033,16651.83469153139,1822.148,10670.31309494579
1771823555,9836361580,1597.708,9720.77347063746,2137.122,6391.102060992831
5758088752,1447888034,1875.129,22727.263866598434,1876.196,22692.89707957074
7474116199,3023800911,1996.388,16340.385789534688,2014.922,16338.873869317138
11564292209,35220562,2441.254,22123.406128954583,2698.869,13843.528685472073
5952108099,12280445900,3114.553,31213.94908399961,3353.455,19242.008160028166
35690733,12064367377,3056.035,16933.754066175272,3061.548,16296.636320269698
8111370680,4718729122,1788.269,13624.155378394678,2375.251,10178.735728888842
6921021574,492424673,1988.024,21108.006557136676,3479.709,19134.9778520604
6239259766,639653499,2702.134,23793.746303460255,4391.305,17195.760882340015
11204441943,11387423378,1859.85,13928.301473349164,2308.113,9201.346521782865
701650647,3143628936,958.931,1933.9206917874344,1009.101,1923.7903273721656
3851540051,3749373445,2809.101,19504.59657088661,3441.3089999999997,12086.824415675736
11907348766,11648818091,1800.069,16658.261719348855,1875.731,14509.58389957802
1988938789,5091751190,3303.0060000000003,35414.541701865586,4414.9349999999995,20059.929091818052
12045465150,8168819585,2071.222,13463.98686939206,2300.256,10681.827028306241
2205001421,1190795703,3390.308,14171.079654238323,3505.201,11911.852216275263
11407552219,7923503076,2508.269,13458.067018276883,2556.199,12632.907956133004
2863634975,2100687389,1726.766,17489.406209678305,2035.286,12762.053337727893
8851174113,4140675415,935.7270000000001,7407.686730073139,950.19,7264.736034409324
5258359812,1499598768,3363.359,30555.26482303854,3502.252,21512.766459303533
5968342302,4032404417,3272.281,33724.55701240343,3765.899,19240.900871293128
9550356867,245023170,2538.357,20443.755556505654,2803.013,18952.361541993043
9355907437,1611545958,887.654,9321.09153747254,887.654,9321.09153747254
6970402911,25248947,1547.272,13582.02248177069,1652.73,12678.815869276907
8560383655,12061253686,1210.847,4598.5432590259,1239.792,3340.5430220095172
8560770390,667395619,1023.747,5933.325318729887,1025.431,5873.924963555896
10658830552,2858104056,859.3149999999999,7402.930005961056,859.3149999999999,7402.930005961056
1789642041,170754997,600.754,7557.944660251699,600.754,7557.944660251699
11509656528,4194066966,4042.968,47396.26882235341,5385.279,35792.787417959255
3490476354,11612898084,2689.864,21038.39218470566,2706.5319999999997,20534.192302798358
10126907304,11648817992,3972.992,31019.06973889183,4834.974,23120.25030651526
2002537200,2018735048,1336.133,5357.292963363914,1433.72,5285.865153607909
3920625502,12033546223,1648.337,10192.90466235619,1734.148,9747.045020043788
1897237290,8142834154,710.937,7379.917726901759,1207.989,5010.157769162345
1174015095,11364581154,2029.9209999999998,29668.093952599338,3467.604,12201.266890068033
2930852403,3958393211,2309.244,21657.103405172977,4052.548,12463.517300899965
2205337237,3341774658,2466.813,9279.07523947671,2490.919,7653.4655255808075
12082598119,6815724724,3398.551,29566.15360868091,4088.803,17238.757456098476
6264287013,12180270480,3496.649,35173.0363137162,3555.473,28333.074037697636
6842840526,1183250524,1243.239,2739.3726590850997,1243.239,2739.3726590850997
874406556,1500040899,2181.69,16075.774805291958,2873.612,10171.618244208456
3043541091,7691361655,943.7470000000001,7667.736665307402,1057.935,6645.68672262429
1305274350,1305274328,1075.722,9085.101074424907,1117.893,8647.671828988521
74898153,10943505590,1213.009,12751.55421351499,1457.711,10843.366300084206
9200315953,7948211475,2549.069,8143.570135537737,2549.069,8143.570135537737
10074002413,11350633108,785.992,8191.458365248815,785.992,8191.458365248815
5306180976,4698235450,2312.022,9790.267990537839,2489.198,5195.179139839431
5665579266,891129805,2966.947,27321.16689189137,3764.941,20275.90985757535
6474398547,470333577,1034.6970000000001,13330.478800988478,1034.6970000000001,13330.478800988478
1328552638,3476112018,2234.6710000000003,14197.754762714458,2234.6710000000003,14197.754762714458
1357967310,4136115368,3422.705,36822.02516527939,3533.521,36252.30627616208
1223741568,3792314781,3970.392,29151.596525957768,6317.252,23736.721317654625
9895701074,3081293744,3213.491,25222.474960633732,3619.267,12390.397920049605
11425546037,4140179155,1980.041,10297.968708076056,2028.668,10012.244850602407
6362592866,2389110882,866.6949999999999,4302.222159910234,866.6949999999999,4302.222159910234
10726295552,12163739403,803.036,3013.4797959175057,805.237,2941.3028823356863
4718729106,12047488174,978.644,5767.172536505334,1238.064,4227.655458997389
7002003128,6642395743,1577.126,11476.83271161218,1658.086,9450.021202251022
1038204615,1037257314,2665.689,21426.49867352054,3391.802,12533.204055791199
6129464500,82529528,3386.965,16274.268601199978,3540.6620000000003,15567.735231109698
87296075,1037316336,1258.2749999999999,5638.266826078051,1258.2749999999999,5638.266826078051
2476563965,583306714,2016.153,11393.35129083195,2173.369,10183.430954337739
12073125679,5967281951,3460.964,21161.59274764996,3630.765,12450.879788005128
3393649970,11987613905,1276.645,11027.747492063585,1438.888,5994.2238858498495
11201758425,12057246354,3434.281,28505.492561957966,4185.836,24993.25984523555
4688492209,11601625246,2877.973,32567.69841583395,6505.3460000000005,28251.393496632776
8897796952,10659693574,919.107,10208.980494727339,1312.494,8216.87262612641
1582776157,830534285,1142.093,12755.51021372266,1142.093,12755.51021372266
1028115651,12057403677,3300.023,32836.53606095522,3696.571,18000.048506764324
11358313649,6422298900,2488.149,18048.308227726873,2853.814,16475.319754090946
372919748,2294197375,813.733,2209.1494400921447,816.083,2197.1292038189295
314027362,4805417584,3249.233,24692.36222633884,3391.515,22733.035655048552
1908112208,1501626371,1776.629,3627.133738457473,1776.629,3627.133738457473
641768271,2620182573,754.806,11050.796431997913,1219.188,6152.705765517546
1697930136,4784760468,1538.673,11391.693573277482,1538.673,11391.693573277482
1359767541,1967977249,1072.038,7437.787284142069,1073.026,7407.358621513809
4603017382,10824504818,3211.024,35821.444768119814,4246.602,29528.850461425645
1030580496,3416131150,3338.813,31248.73123767721,4091.796,19282.184843464653
1023502097,4740116776,749.484,7825.9423489105175,760.376,7522.730753314259
10658426860,8105821785,2202.795,13742.195670539353,2848.735,6374.351465044195
674783734,11522048798,3008.623,20419.951250174465,3302.273,19747.60622811948
36855705,12048892471,3202.196,33340.23107075119,3795.248,21469.35548663597
6593424745,3928537764,1332.68,14511.760370588097,1514.53,8425.585036567858
9046326418,9008358183,743.684,1426.825299018005,743.684,1426.825299018005
9269832543,562635211,3617.701,15385.75363000013,3617.701,15385.75363000013
12088501130,12086886834,2729.031,15223.37256856728,3114.663,12692.240527344575
12082823194,2725019417,3676.96,29907.274262036495,4069.5879999999997,21862.86783982404
32343183,9904523061,2752.683,13069.168972001411,3087.57,10414.411709667815
546322325,6436563157,1749.7540000000001,3816.4151112332706,1749.7540000000001,3816.4151112332706
1357967562,12071185564,2502.681,24045.79148763911,2826.703,11037.67153493703
4284339883,7679344653,1469.672,6345.590570046122,1736.008,4119.535053393323
3822683066,7262685456,2002.635,16923.681358974853,2397.966,14181.014953018368
4140179140,4140176503,601.306,2766.3060355462494,601.306,2766.3060355462494
34911669,628120072,1590.5539999999999,7928.53441041957,1590.5539999999999,7928.53441041957
372656716,3100581533,3348.63,41388.78001076349,3707.839,35693.24441800898
3428762051,1036933972,994.559,13521.647737037325,997.223,11418.960462516709
12088533399,12031162141,3586.21,37669.86857737989,4408.795,21891.346547156278
559681955,5650371670,701.3240000000001,1454.405309812491,704.009,1452.3486801932877
25336178,2465004223,3377.104,30229.602713194636,4158.675,23626.55345808725
12075161560,1777380720,734.879,5303.397149251654,741.827,5030.979581847749
2838296137,1324190186,1626.209,9817.250474953344,2071.315,7617.907426014807
9294155914,8733002791,3264.559,28441.796573569132,4394.951,23060.22665325071
11169241771,9343790731,3545.942,29927.335887138197,4480.349999999999,20782.388745326654
2864851034,8149395034,3731.058,29666.287298979663,4214.779,20922.824194863344
2801030616,1679901331,3106.804,28370.763823437523,3345.552,18331.627616423506
9129167161,8170457645,3160.3450000000003,30366.546433483392,3440.148,28847.10419690463
12071663583,286483707,1219.697,11302.278217643096,1240.988,7710.605856728624
4922285027,11613330789,1680.943,13302.82787504993,2155.767,11633.067665904402
12148524602,5010221267,1689.911,9071.485657249003,2057.46,8963.51244583183
1903756028,4271177729,3464.309,13499.22188565181,3464.309,13499.22188565181
4065280290,12075174536,2618.263,10023.252238124618,2630.486,9953.859130866515
1584136663,5686130821,2244.699,20842.644720396107,3504.73,16311.624914522548
1109063413,12043602021,3872.455,38673.41843904773,5251.352,32310.882229002353
8126936924,2266717282,689.773,3241.2252129079316,852.343,2330.6859605585346
11587334185,2389241537,1993.817,8590.629791285386,2157.922,6667.525544455951
2316977619,12030994887,3517.7110000000002,29346.569255588136,4086.382,22903.80896534551
2178234444,11176797670,1970.81,9181.609180360261,2037.258,7798.296730157242
10658391080,12120622896,3835.779,35614.40755541821,3841.6859999999997,34092.64833860535
4763764929,11420739999,1399.161,8259.896005691395,1399.161,8259.896005691395
8636453383,10243658802,2267.773,16244.190439820217,2455.7309999999998,13492.279349831193
1777380646,9288182891,1407.322,12929.494620959831,1597.445,6255.297885905609
4568824854,8408877832,1897.5829999999999,19844.17505483105,1906.0669999999998,19805.45428050754
6472669405,11182847367,2818.7,34957.15593121249,3128.3219999999997,27571.067402896744
1103215321,4692006754,965.04,1947.4130690064576,965.04,1947.4130690064576
1501626273,1602055805,3326.431,16400.547820152915,3540.392,10155.463050129389
12043219739,2096443229,1693.017,15329.47197500385,1842.141,14096.858625656096
12054934139,10539830790,2426.9,12968.584085839648,3040.732,8065.199275906759
12061269633,1334453922,1781.664,5802.464357206891,1898.801,5041.537442451979
9231222757,9029169644,2797.331,19110.93931783572,2969.917,15259.485285535484
4905841994,3143626255,1463.422,11773.033103555716,2420.525,9037.942027490966
7357001722,3965931209,702.615,7744.508490243293,726.948,7055.442510354159
8928399467,243352413,2194.712,12929.57486910146,2621.445,12362.43101070909
6790050780,12188255945,2684.466,32963.478167466914,2686.32,32130.72980982712
6475475756,5972840285,678.2,4363.840841355371,678.2,4363.840841355371
567390418,1491650186,3097.695,32367.532235569182,3101.0660000000003,30737.67834488404
11195675784,11201758080,762.05,4258.077224563146,967.107,3574.0285537448044
11014664402,2284139508,3297.319,27078.41119645159,3937.432,19286.020763030803
12082528354,205310639,3922.387,32190.84671217507,4519.0560000000005,22401.82526070299
11195474810,4076322684,3711.03,30896.0015795025,4332.389,21217.295615016104
3100581433,4664201734,2739.041,39729.19619720148,2929.343,26537.60198036347
2310495751,641451739,1253.54,14335.68012272514,1256.666,13784.843563123073
2073278476,3987434177,2430.146,23099.45300870917,3594.658,20800.401793163495
6759103808,5490690537,3901.481,30157.189737960034,4020.642,29331.226341527337
1516026495,3444405425,3520.567,37265.48753514687,5280.231,27811.07515623455
534591433,913887370,1550.338,3865.8553049970606,1582.325,3271.1050228523522
534591435,749915806,1072.773,1971.2286828826568,1073.125,1951.2480380053992
1470693097,9467823692,2633.75,8429.761994271279,2636.566,8414.686919760416
245929610,3789339683,2591.661,28995.065032506387,3229.4610000000002,15779.9932522899
2864224236,12071746502,1199.696,11746.803237771397,1335.444,7451.060528296254
1580886783,12073226004,3978.964,12082.838311021833,4072.05,10717.842785292616
12068278360,8149395033,3165.355,21717.363170452132,3454.246,17548.509781650922
8406488368,9503240215,2522.5359999999996,7877.943254797415,2522.5359999999996,7877.943254797415
7713961384,12327677902,2720.2039999999997,14300.190084287431,2760.553,13743.427762102894
6925711301,11697914571,925.073,5848.229084000086,956.105,3298.868055670655
5262678653,3479597159,2303.236,24621.384724615473,3120.3450000000003,11735.688627196445
25319261,12057086610,3452.106,33232.15946395244,4296.061,23482.560582582217
11407496432,1294747971,600.6419999999999,3407.287356334466,600.6419999999999,3407.287356334466
9400309620,569240512,1800.454,13160.686655270103,1800.454,13160.686655270103
3123656277,1334333708,2521.853,10838.44436303989,3713.737,10526.168572841934
11958743877,5810592051,1869.137,13025.253431734016,2638.827,10464.309022288284
12075227313,1918509924,1228.691,12373.044364900135,1625.567,7834.108097229942
265610939,265490158,3565.142,14650.561573346477,4407.772,13715.290578429032
12047395544,7012476595,2261.52,15640.606051618828,2705.269,13313.826390826804
2389101706,1516361797,663.698,1297.9530553909822,663.698,1297.9530553909822
8851210299,3274355961,1030.01,7107.358035954551,1030.01,7107.358035954551
588703159,7629332694,3913.542,23163.355876895504,4120.306,21836.538328229974
712909213,12073123695,2942.428,39496.75622804697,5018.256,33702.169047915144
1508923205,1273346677,3687.808,42167.13861688476,3789.951,37952.491008139106
1958061698,1324394304,3556.337,25786.556497903857,3988.191,21909.762744735996
2114609061,5039834870,655.708,4794.374717723711,657.248,4789.529272699925
9783920663,5194305692,3184.634,33838.7726875895,3351.783,31480.631479148
1392545089,2295004192,2446.094,13826.638947866142,3258.015,10991.562349918453
12045465001,26033322,2651.362,25365.32682862567,3387.9990000000003,16302.541657023081
3679812508,6128861240,2510.869,24825.944748530892,2518.7690000000002,24726.913479854524
10030649929,1609834174,2528.542,30883.836254702277,4212.503,18668.140797353863
8531156759,2199299924,3126.613,28684.412382539384,3420.609,24779.590359187136
2354973581,4623902872,1178.014,8743.819782193379,1728.801,7117.144337936102
11268801892,1305990008,3910.217,26898.541076025926,4943.628,26235.817324387266
2849260203,1435419325,2660.333,18724.40358885755,2851.734,18650.42598351721
12030724785,12063292290,1704.95,15686.75821308294,2007.962,12686.218267817088
10659692740,10705432732,672.0939999999999,6485.211984452912,774.78,6122.873771589138
6899184771,245971846,1902.35,12622.570721699802,1908.803,9802.735427665762
1497409835,12071611876,2264.749,21641.534516971304,2649.07,9375.67235946982
243219224,11425546065,1226.963,10042.095073585788,1759.105,9994.256783555602
6879571704,1263339201,1931.002,11510.06829197414,1957.151,11096.47097259264
2511480512,567331391,2016.996,15882.150545935247,2731.464,9910.07915375988
10658392269,3843118685,1556.7,14604.227997531721,1770.126,13493.347671137459
4633920740,2108052542,3646.777,28196.24253094509,3659.124,27855.091233551306
12047605208,12084470191,1079.845,10803.55127217268,1186.903,5509.126738795588
11183037382,11182847082,1446.788,17789.690275127497,1525.212,17758.28052949986
11994926312,1030742657,3588.12,31774.07438415554,4593.651,30676.07838248994
3275140770,10810913194,2139.585,13931.242574397591,2363.743,12608.451750203649
83650700,3455335111,1133.104,12694.01062499086,1248.25,11812.645818298935
8137143426,9132946776,1488.462,9112.477382013438,1513.964,9073.674419520612
7987840942,12041590654,2874.703,11731.610260696456,3117.439,10433.203582954686
11703514619,1474023365,1483.1920000000002,10430.951322899102,1483.1920000000002,10430.951322899102
10701713786,1036270666,3041.604,32244.77494204944,5201.428,17135.56340967213
3602660111,722934878,1834.94,3923.2654088959343,1834.94,3923.2654088959343
2636357165,12029013538,3761.0389999999998,34082.58769777331,4287.196,24748.594439069875
245971914,2273516104,3049.6440000000002,14466.253907367169,3228.0280000000002,12320.618887678746
2928830576,1306954082,2251.205,13073.994800270608,2272.749,12011.61694692647
5408267734,2531035835,2708.6259999999997,13918.21466946289,2720.551,13516.674412154463
26336847,25547440,3923.341,40704.078639885964,4604.197,32008.56468238768
12088408788,2295727788,3006.063,26821.267581909495,4217.201,22803.15661105133
6245640866,6415615903,1806.597,11885.876716031356,1811.443,11884.502805455004
1190795809,7617499595,880.006,1623.4249805592033,887.183,1619.6824900917195
8901335765,247110946,3234.791,19517.109517560104,3314.905,18134.94668477662
4327904510,12073231229,3154.596,40899.79150275303,4107.619,31455.504739164582
6856608205,11224809272,1663.276,13445.747253844424,2191.318,8365.908881345145
4674626681,6254190560,1238.206,14537.588722146014,1238.206,14537.588722146014
6206311236,11506904646,1261.051,18520.465311055876,1261.051,18520.465311055876
6909471874,6961555645,3885.663,40283.54228650738,4864.344,23793.119430522223
306824643,7149617312,2196.219,15616.652839707916,2196.219,15616.652839707916
12083171619,868438829,3663.352,22956.814574213902,4083.638,19239.13186580454
3145429576,33780161,2338.705,24381.689883629304,3589.846,21619.224025637886
6360172394,9731019505,1167.0240000000001,12060.63903877438,1168.147,11988.389133236682
9045489187,4077392727,2567.357,5463.9590093315655,2567.357,5463.9590093315655
6970451213,11836732961,2603.912,25559.262909028657,2755.67,16564.73272384269
3172671140,5169649823,1317.427,12233.7615537758,1400.296,11623.651388974977
25303796,12087215952,3739.417,29499.68674474928,4249.077,20743.063857232282
4028956541,169558523,1994.093,28974.749871849475,1994.093,28974.749871849475
7087148734,4692006893,3829.946,34962.45992686319,4167.783,32207.8733056414
4379124563,733714288,1237.612,8205.733159928635,1285.335,6933.675642895774
9386024730,2097778915,3207.91,31162.397602322828,3765.993,20313.781091308196
1216773064,1234864932,3392.622,14315.202977500909,3392.622,14315.202977500909
2652158002,2462509540,1407.6109999999999,13670.714843079008,1606.556,7733.3269143519365
1261965258,8223185599,2653.386,17890.225126062443,2743.149,16937.90558074647
12079776958,6942932201,2030.934,18536.30964363091,2129.45,13587.61551276278
12030994887,12048892555,1624.493,14146.69145349163,1701.851,9047.150512486898
7414863772,600680460,2059.075,22867.059013490976,2437.408,18563.661980622277
2246143027,2996391316,1713.851,5790.380568968504,1713.851,5790.380568968504
8831513464,12031162146,1261.493,7740.674991815899,1278.804,7440.7597291933835
2471729454,9250325739,1630.556,13075.732946888862,1684.003,12325.516852770597
1038199530,1789954187,3472.836,20316.729987169318,4292.654,19514.794475559418
2853498047,315057313,648.684,2067.736681750842,648.684,2067.736681750842
4827056512,11123501274,2243.419,15597.042734997074,2319.595,15135.899457194419
11415007467,1038145694,1687.111,3650.3587576885857,1688.145,3608.704000858186
4032757581,5754093004,3523.966,43661.38903757778,3563.4139999999998,42347.25108842581
8915710545,27362910,1448.892,9206.264034541131,1647.722,8947.598457372485
3670094877,561126958,2557.198,12058.965481130688,2802.464,10794.901412199906
11345060409,12085140864,1300.44,9253.699312605477,1406.709,7016.594473887595
2606505892,11953355958,3178.908,28624.18569096089,4309.669,21811.996395700193
868450812,12071746292,2883.653,34444.019153737645,3736.7980000000002,18075.100541644344
9443163196,4768475515,3634.809,34900.24528353991,4028.312,27816.642254608494
119432668,5065570207,2488.232,22806.490806016263,3119.166,15704.570966655185
12178753745,669438109,3457.371,11811.894988013179,3480.518,11074.150699653486
3438843855,1110186044,3827.174,27061.19231811908,3940.405,26164.53067071066
2133714329,1715971827,1049.704,4231.37631445552,1138.1380000000001,3545.4682189996824
3049594023,2461557927,3154.853,21733.84911290501,3363.121,15380.151092027512
1334453891,10101338618,1707.873,6270.346656113611,2351.497,5181.448528533485
4135977888,3834208270,1159.688,9260.603223100765,1159.688,9260.603223100765
11225752188,7280295786,2733.603,14579.49679581205,2777.732,14113.82490444276
7281034806,3995899364,2388.651,16273.03193560259,2440.324,15072.424075288909
470276478,2180862938,3515.196,30616.903647429426,4083.0209999999997,22472.25019091596
1102998651,1101739537,2002.3909999999998,3883.995481194433,2002.3909999999998,3883.995481194433
2928905269,10870996555,2648.257,11798.874343552898,2767.956,11377.890620193959
4745563084,8111095922,3562.185,37016.78150900988,4692.862,24643.972436609496
733714288,59865487,732.335,2986.7454204339065,833.16,2459.0108380724805
3847075534,1394759125,3999.088,21191.600074487003,5053.4529999999995,17673.839201019873
313692762,12255068222,3190.224,35303.26207165836,3471.467,30761.68291393941
1909916272,10694934304,1445.9089999999999,12219.637890414184,1445.9089999999999,12219.637890414184
1521489707,11406194595,1296.58,6570.089335491931,1365.132,6004.544274796375
4828469814,10594806244,3554.665,19861.088311123673,4002.623,13516.848817251952
7328287981,3073600300,3080.102,18726.394734112895,3148.308,18064.229439281768
1474023346,2109760437,2821.256,24901.812346335006,3082.59,24036.769049658364
1357967486,591898696,3091.884,24388.716914907498,3229.834,21044.0468979726
976140519,7356888324,1362.956,10804.815517394078,1362.956,10804.815517394078
11197666281,2838044698,3505.793,19292.339962212,5212.553,11316.594506994072
3250941398,8464310963,1820.163,15547.889097914847,1820.163,15547.889097914847
