start_node,end_node,distance_court,pollen_score,distance_pollen,pollen_court
3380751025,5657136849,2742.877000000001,4411.334266666667,3038.538,6241.833066666667
11356942377,171760149,1910.433,1909.474,1909.474,1909.474
2225197158,4463347218,3511.353,5357.101,4639.978,5621.505666666666
7603662257,8913559675,875.318,5741.693,898.929,5873.202
6915264516,373344984,1826.8300000000004,5954.111438394939,2952.563,11395.915033311207
6258069706,12046001657,2925.246,6648.492516666666,4110.991,8676.5959
6477428926,12055379656,2913.3050000000017,5475.636467586232,2921.715,5571.0614675862325
5033143046,4508416964,3261.53,4364.350466666667,3512.098,4514.807466666667
1224759557,5967428151,1571.145,2156.449,1571.145,2156.449
2972114639,7355166364,634.5899999999999,634.59,634.59,634.59
4453790532,3402867312,3818.042,12242.488488888888,4184.751,26238.401383510114
1499854584,6473126985,867.2599999999999,1705.799,867.6469999999999,1788.247
339867756,2214589285,2657.778,3675.6809166666667,2705.5969999999998,4047.407
7462318451,4037209422,783.186,783.186,783.186,783.186
601148379,1183172947,1147.139,2219.510142857143,1147.139,2219.510142857143
1184432851,4887980119,1925.251,3515.2816666666668,1920.347,3559.3716666666664
5065575254,5196681081,3775.904,3775.904,3775.904,3775.904
801721730,1177037259,1484.898,1768.13,1543.3100000000002,1991.6550000000002
12068224844,8648707370,2154.449,4991.138071623724,2619.481,7531.60458792409
12147575263,2623015203,2526.3679999999995,6068.689,3424.273,13131.171809726386
2161048769,1253878881,2342.7939999999994,4087.3246545454545,2361.911,4383.267654545454
12057065947,371241309,1913.3,4771.1751,2080.5009999999997,6673.908350000001
1732745973,4623863871,3438.841,8731.987332827119,4280.858,9159.344564019751
2221955069,1864321149,945.7430000000002,1225.3152,945.743,1225.3152
12036094553,11623951742,1532.355,4272.6155,1746.509,6472.9825
11182854123,8329128110,3839.8670000000006,5658.864333333333,3839.8669999999997,5658.864333333333
8434042,3259797439,1323.919,5200.171,1443.432,5936.164
12033001339,6185341145,2678.2110000000007,6795.999855128205,3073.235,14431.43555669298
1722668134,11476164109,3304.9770000000003,3304.977,3304.977,3304.977
12055380081,1995300190,2386.498,6010.535164160401,2755.166,7449.221819230769
12075308650,8900200666,2344.924,5551.7511261904765,3494.808,9875.959423687424
11407552197,6415591196,603.781,761.452,603.781,761.452
7618217725,2371552110,1943.075,1921.693,1921.693,1921.693
5435329099,12068278580,2547.2970000000005,6367.612126190476,3162.586,10911.585053846153
5706938207,5010922961,2038.173,9590.648000000001,2066.108,10609.519
2445012437,5188301907,2404.2539999999995,3897.7180000000003,3112.1310000000003,7906.761749431782
1759699596,10963905049,3365.7479999999982,8095.853251515152,4188.681,13395.543099999999
3137432728,538188637,3558.723,4670.235,4113.48,5072.583
1903756496,5159077627,2681.773999999999,3735.055,2681.774,3735.055
9320983093,2606894105,3273.36,5698.058333333333,3309.745,6442.544333333333
5263457736,1499598821,1409.569,2836.39475,1409.569,2836.39475
2208417947,8157403680,3443.299000000001,6662.8862500000005,4267.508,9704.724625541125
2356829934,414591687,1740.369,1740.3690000000001,1740.3690000000001,1740.3690000000001
5521012888,3255880530,1066.0440000000003,2187.435,1066.044,2187.435
2849103885,245925747,1608.841,2324.679095238095,1756.179,2473.078095238095
3843118674,4262383785,2321.122999999999,6817.051466666667,3609.574,9967.462411764705
1473213381,1474023510,953.523,953.523,953.523,953.523
1037302516,4099004106,2740.269,8177.547538888889,3591.453,9249.076266161615
12069589146,1036842144,2871.786,4192.804883333333,3018.339,6288.566454545455
1180379100,12071701776,3797.312999999999,13577.55109112554,4205.92,15159.904314285715
7927573184,1600722268,3445.9140000000007,6090.268251612903,3626.752,7114.565684946237
9927086658,269364551,694.7660000000001,1609.311,694.766,1609.311
6796038276,12073401257,3984.5359999999982,7208.519425213675,4450.12,8815.669697470405
6404015518,12057140257,1526.4330000000002,4209.329,2747.572,5218.295582467533
6374628950,3409180790,1395.314,1841.795,1515.944,3065.6375
6068222512,1937562023,3591.113,6602.687419047619,4022.558,7484.075833333333
7462318444,34737074,1303.494,1303.494,1303.494,1303.494
1869151330,2819199433,3003.4520000000016,3570.403,3186.619,5056.718833333333
1777422533,3791090737,1916.358,2824.9358130952382,2077.317,4018.6495583333335
1108983667,3031697128,3833.2420000000006,6740.339506493507,4043.9590000000003,7542.904
2079336937,3862599154,3916.4810000000007,8072.0697,5088.684,12319.249125862952
8306113184,2853392648,1257.87,2015.5420000000001,1275.989,2539.7509999999997
4140180220,4140176504,640.493,1068.039142857143,641.738,1397.0901428571428
3898528518,6759103860,3770.576000000001,6552.732875,5116.378,10767.563417078953
315117163,315236281,2014.5750000000005,6660.272,2514.889,8515.503999999999
3119299841,2266997872,1643.312,3608.8559999999998,1915.759,3845.631
1344963792,2317007257,1957.897,9117.201500000001,2004.843,9117.201500000001
12075195558,11613330922,3148.4860000000017,11603.48916063748,3420.984,14415.380460637482
10173455359,1456557331,910.442,1923.0629999999999,957.795,3850.229444505123
1694598901,11998622336,3949.11,10291.880208333334,4974.291,20940.506604085378
27504190,12048892500,3428.308000000002,9792.8455,4192.06,12751.372151434512
1852659165,1849455672,1865.656,3227.1825,2242.7110000000002,4340.003
1611512065,1611495729,667.6460000000001,998.0079999999999,667.646,998.0079999999999
12380818651,266044024,1058.662,1697.984,1058.662,1697.984
8832699229,12045465147,3073.9430000000007,5714.294516666667,4237.199,9943.462128210678
3143630585,1190795307,3038.521,6660.154111111111,3262.686,7033.641511111111
4429103886,2848982100,651.676,651.6759999999999,651.6759999999999,651.6759999999999
726091021,3705241263,2493.578000000001,6178.231083333333,3193.42,7700.126083333334
257050856,11999384903,889.192,1715.0223333333333,999.124,1796.429175
12057079291,10659714242,1633.388,3667.646,2287.522,4195.679
2116549627,1030705249,1085.552,1085.552,1085.552,1085.552
1603514384,2502831103,1433.971,4059.3831999999998,1802.037,6087.3382
1038594850,8222278223,693.591,693.591,693.591,693.591
3442794607,2511519915,2315.0780000000004,2315.078,2315.078,2315.078
11014664401,9290546755,1585.8410000000003,2838.353,1761.574,3737.1898333333334
10665237094,5408267832,2165.472,2165.472,2165.472,2165.472
12045464846,7503437993,2936.8560000000007,5357.199566666667,3956.46,7469.6203
2909750327,193579574,1061.879,3605.9454761904763,1330.01,4141.284000000001
1588301158,7320337793,2827.141,2827.141,2827.141,2827.141
7514070474,12057433718,2732.1450000000004,7764.709192307692,2837.678,7996.098192307692
11251394922,3264144591,3791.454,5508.824833333334,4548.7570000000005,7730.330833333333
1102998548,1579267789,731.198,1079.29,735.992,1501.6560833333333
2330481420,1546924606,1160.357,2632.6385714285716,1160.357,2632.6385714285716
2007990276,7975015111,2610.638,3551.087,2747.361,4806.536
618933220,1305989826,3336.187,4472.9595,3709.931,5549.4214999999995
8148562175,270298919,1067.877,2470.3180333333335,1252.486,4462.621372777372
3760133430,1466648770,3276.745999999999,5475.1140000000005,3795.797,7348.614452380953
1715948230,8631669111,1921.984,8145.9599761904765,2099.939,8976.818865689866
5559280383,1110661292,2931.677,3164.926,2939.776,3185.545
5967281951,12049142836,1838.814,2785.82,1847.863,2913.847
12049362931,12067744882,1383.8139999999994,1421.311,1421.311,5178.04055952381
7358651008,6375631587,2987.84,8557.53527063492,2994.909,8719.057603968255
588229997,470333119,3218.3360000000007,3639.029,3218.3360000000002,3639.029
12087214109,12067828022,1755.4329999999993,5818.834371623723,2219.945,8580.630169552669
12017245547,12058943837,3315.1450000000013,6850.585775,4220.111,13728.3670125
9877713551,8900201139,3681.253000000002,7349.986,4369.433,17350.57118452381
386181581,12054934180,1716.7590000000002,3733.831967586232,1725.06,3829.245967586232
74946138,1038134301,1841.3659999999995,3710.796,3114.836,13798.280191940086
7533616325,9197060567,1937.148,2737.853,1960.727,3364.178611111111
654053880,7973891643,1746.4580000000003,5877.5689999999995,3691.232,10098.60506012041
5037354703,5992511398,1618.3130000000006,2143.207,1634.346,2170.54
1472824079,11598365237,957.732,1962.542,1227.867,2156.2470000000003
1859957798,267561013,1348.1419999999998,1348.142,1348.142,1348.142
12057087043,6344376335,1696.1829999999998,3217.908516666667,2596.38,5296.149071428572
2705418276,1028115585,900.995,1451.0958333333333,900.995,1451.0958333333333
8677606684,9134669792,2181.278999999999,11135.419111111112,5951.588,15745.055705882352
12307676239,3264709061,2213.9050000000007,5598.287119437229,2743.732,7607.216625324676
1468818336,6370685971,3378.0020000000013,8062.265555555556,4898.929,13305.019784126984
12049362883,11966306055,2940.1730000000007,5478.249,3258.339,7526.480941316527
6909471853,12082598117,2475.959999999999,5676.464547619048,3063.036,11375.477256111444
5470938486,243677330,3903.451,5241.575,3903.4509999999996,5483.224999999999
192400814,6067548811,3288.298,6021.495,3313.558,6055.915
10089726660,8002525613,3725.917999999998,10032.322491266657,4562.791,17549.50172945633
313718411,10853049716,2949.684,5686.086499999999,3182.427,6132.7885
6370430606,6212867864,1287.8360000000002,1540.01,1355.003,1862.751
4078297245,514019261,796.2719999999999,796.272,796.272,796.272
443371758,6256970577,1339.6650000000002,2793.9275,1339.665,2793.9275
2180782824,12061514797,1541.2699999999993,7831.336,1599.413,7947.204
10811863021,12046280821,3606.8959999999993,6554.396541666667,3946.295,17194.92281875522
6047080155,2108795410,2571.1310000000017,5419.942,3366.047,11514.358625
2555382087,1416147637,1175.171,1616.846,1227.894,2634.851607142857
1324318078,1183172767,2163.8339999999994,3843.3562666666667,2269.133,4286.591966666667
11568575367,9649250138,3502.656,7630.85515,4889.17,14462.208692992956
3158054774,11815772157,1928.58,5148.9305,3060.65,9171.491744910572
11564985578,12043211112,1773.3959999999995,3950.2383833333333,2098.145,7986.217633333334
1903793015,6024811542,1651.4189999999994,3577.164,2793.387,5272.3587343358395
3923845976,3811036219,1565.305,1565.305,1565.305,1565.305
33164898,1624309990,3996.601999999999,8206.135,4368.113,10824.2525
9029169643,12069501862,904.2570000000002,1787.7696666666666,1058.795,6019.498083333333
10100500932,8243389087,2892.4160000000006,3860.977,3583.643,8190.540156349207
3499171042,1508653992,851.656,851.656,851.656,851.656
35441012,8880229161,1221.9849999999997,3758.854333333333,1320.5529999999999,4696.721333333333
6348565908,4136038860,2631.443,2874.059333333333,2631.443,2874.059333333333
12056974981,8784835284,2960.985,6028.7365,4039.414,9555.763465790913
1610855567,6297571298,3145.563,8074.062333333333,5411.732,15343.507634126983
443677225,1453882742,3705.0610000000006,3705.061,3705.061,3705.061
3987596327,11349793856,2173.238,3111.813,2416.243,3418.8869999999997
12058943639,3046464972,1812.081,4466.511399999999,3120.067,7264.994
2584621654,9762296889,2049.978,4020.5868833333334,2393.338,5447.474166666667
2812996232,5895650793,1252.6079999999995,2098.1079999999997,1511.377,2796.6435714285712
245077129,6744847632,3175.98,3744.2400000000002,3547.2270000000003,6268.947
601148358,601628026,2095.159,3149.583,2095.159,3149.583
4186785418,1130783744,1401.4489999999998,1408.106,1408.106,1832.215
7661765941,8625623020,705.7809999999998,705.781,705.781,705.781
1273142376,1198720682,1353.858,2824.4010952380954,1353.858,2824.4010952380954
12071612063,3827520510,1520.3309999999997,1884.3829999999998,1667.6409999999998,2974.8415
4059448398,2423149488,1824.6039999999996,3248.623,2546.378,4222.458090909091
2294722015,5941020851,3351.1810000000005,4551.711,3697.111,7459.026
929916876,12055206242,2249.746,3126.162,2390.616,4058.654
318711370,10872893641,1377.446,3982.2075,1887.873,5867.6595
1427185515,3250459246,1163.2220000000002,3208.6752615047535,1427.867,5593.537221428572
9300045952,6469948344,1154.576,1794.0278999999998,1181.615,2257.65615
4071399813,4071399828,1393.4529999999995,1393.453,1393.453,1393.453
12047352140,10844219859,3306.2409999999986,6969.234557933325,3955.117,12788.225227739535
4709504777,8788393344,1427.523,4132.173423076923,1519.867,5162.237
4111684754,9308851585,2303.732,4873.043069126112,2387.922,6738.349319126112
9836298950,2487663757,1984.619,3044.268,2921.968,5531.554833333334
1185849430,3723539403,3624.489,4085.1530000000002,3746.155,4521.724
34916416,6433667130,2425.481,3386.817,2795.205,4446.625
8900671473,4037848578,955.8539999999998,2550.21,955.854,2550.21
10058533499,1038199575,1793.3439999999996,3467.3114,2626.938,5406.678
12049478852,172947872,1107.278,2821.142033333333,1236.594,3592.639951923077
7288086432,6162398173,807.999,1533.093,1006.621,1804.759768115942
12057231000,58584528,2326.9610000000016,4373.7595833333335,2626.541,9581.965777272728
1324396470,1075671118,3541.2280000000005,4580.541,3963.62,5323.438321428572
2229204452,4103522833,1396.479,2401.7690000000002,1396.479,2401.7690000000002
67346188,4155426049,2490.7480000000005,4944.496,2942.172,7232.697
3114877493,3114661137,1817.618,1817.618,1817.618,1817.618
8974668157,11697914590,2824.0729999999994,5467.491,3713.739,14814.0241630767
520110916,1354903458,2692.621,4582.462428571429,3235.708,5471.640023809524
3851861720,2425030323,743.933,3324.3485,1112.452,5503.225666666666
1836996478,10790959475,3592.0110000000004,9079.034379142597,4333.596,19604.738860470658
6580131820,1624487773,1500.765,1500.765,1500.765,1500.765
3455267923,428130771,2615.288,3864.311,2889.217,4848.700333333333
4266695340,9286056658,2606.778,5286.09819047619,2840.502,6720.183
2366714957,2356872180,2496.6199999999994,3273.606,2538.978,3469.578
1561069420,9088033097,832.8009999999999,2953.4410000000003,1125.357,3480.8810000000003
11419662830,6280724243,2778.755000000001,13877.462817028985,2977.138,15627.315674171843
11649606466,7934065137,638.8859999999999,1715.402,1620.182,3343.396333333333
1472404887,3210314348,1364.942,1410.2169999999999,1366.915,1429.311
9665245064,5665579276,2392.4390000000003,6117.353721428572,3012.265,9600.820470238095
11224784423,12057086861,3782.549,7680.501651098901,4834.739,13318.444010822512
1183172706,6110692329,3327.638,6899.378119047619,3675.931,9456.285814978623
5821148790,7995068771,2047.459,8719.104800000001,2258.344,8951.6438
6488219590,10100500920,3455.117,6951.8238619047615,4857.947,14791.735637591575
3928537507,772771245,864.9119999999998,864.912,864.912,864.912
1781375398,12063292595,3571.24,10082.190783333333,5969.32,13572.327282967033
12018217502,3713497460,3092.743,7229.710691409897,3872.365,8347.579287901126
12057230859,1421712415,2097.866,3904.855588888889,2951.305,7265.408422222223
12057231234,8595924573,1562.1070000000004,3900.536951388889,2782.864,5825.978974603175
4309100855,9076248259,2082.6890000000003,4315.878294297007,2672.449,6467.498378101696
1459833140,1582724836,1661.752,3184.7627222222222,1661.752,3184.7627222222222
1580944660,6404037931,1381.004,2698.127,2181.772,3260.18
12059160440,991648001,3928.463,9686.687376587302,5621.513,17980.656153643577
10983754480,11049582892,2202.691,5846.5970012531325,2342.132,6474.627588788147
11415606558,4140154650,1366.763,1543.739,1437.577,1610.806
5435506475,12075300934,3193.2,7167.350816666667,4470.125,10393.714751587302
1190794316,11476638286,2053.1330000000003,2775.276,2301.7619999999997,3061.6369999999997
1470829356,3874331091,2560.6859999999992,4295.067781512605,2870.799,4794.035201785714
11377228386,4910434428,2472.84,4565.052,2865.0460000000003,6457.8695
12071294757,12059596735,1088.792,3655.534,1132.47,5792.433
7905060662,1297639951,850.7800000000001,850.78,850.78,850.78
3288893601,32134638,3347.5520000000006,3347.552,3347.552,3347.552
1496489870,5096112821,2011.493,2012.057,2012.057,3049.1586666666667
3263070262,12057474991,636.377,2022.27965,636.615,2044.5234500000001
12043647031,7170987415,2207.8920000000007,4614.463,2992.65,8553.365229338498
11863330446,11649606372,3714.077,10819.439367032966,4804.251,17232.92538035714
9737728201,314967984,3887.694,6020.248466666667,4367.492,6740.572752380952
12054934298,1423381471,1249.5660000000005,3295.4486666666667,1969.931,5306.516765151515
3697293216,1919032513,918.382,1598.0004047619047,918.3820000000001,1598.0004047619047
12037276901,4140724725,2443.165,6822.467672649573,2697.174,9990.262848039216
9649067073,9491106652,3309.363999999999,6982.718,4424.431,11078.569375
12054934017,12043646591,895.0970000000001,1205.705,924.633,1734.453
9069673254,4749115025,3964.0750000000007,7766.791441334527,5498.0689999999995,11296.009348226049
1184434065,5172717971,3059.511,5552.2425,3706.137,8841.289658384692
1184302153,251567022,1553.8830000000005,1552.672,1552.672,1552.672
12047605309,12043008152,817.9069999999997,1407.089,817.9069999999999,1407.089
1224940793,417104879,1857.631,1857.6309999999999,1857.6309999999999,1857.6309999999999
4500210684,7905060656,1666.6460000000002,1666.646,1666.646,1666.646
9750239604,1609840410,2952.205,5592.405424242424,4168.8769999999995,7364.391790909091
8331181883,5628630328,1597.8069999999996,5202.374771264368,1649.238,7455.897937931035
6982518791,12049363173,1892.451,3580.1235252525253,2355.222,9038.029916666666
7022077233,3609856628,2148.319,5352.098,3360.009,8944.350308203992
1639322630,8988937258,1911.943,1914.173,1914.173,1914.173
9685505404,9550356858,1234.8540000000005,7409.124,1234.854,7409.124
4796231105,6012094280,3898.897,4448.828,3896.168,4448.828
12071833731,2461277859,773.5500000000001,1927.4392892857143,823.287,3156.53415995671
3438115306,5892279933,2785.48,5009.357666666667,3164.764,8831.33596984127
3721465622,3526934439,1392.314,3181.307,1392.314,3181.307
416905218,9970895380,1191.1049999999998,1191.105,1191.105,1191.105
12086828406,12059177731,1621.426,4844.2365,1681.221,6634.1230000000005
12068445316,10542624144,3053.1779999999994,7196.866552380952,5570.415,14601.57000673194
11459969234,1611512065,3155.4110000000005,5321.451,3178.802,5647.32
1445757300,7015168452,3761.694,9294.03125,5386.174,18406.24618340506
2934032086,11209688333,3089.3600000000006,7142.830523809524,3693.639,16661.009
1474082434,1023502111,3338.981,3967.169,3338.981,3967.169
12031162113,8615497870,2773.462999999999,6564.393355128205,2940.73,15541.407660589084
12068117849,9525041050,3202.1290000000004,8052.1948,4677.907,16330.315033333332
6362119017,5380813175,3243.7649999999994,12481.89805669347,7648.746,16004.027288203464
7667022126,1453882763,791.5099999999999,791.51,791.51,791.51
7684368728,331583587,2927.9900000000007,5895.012000000001,4358.035,6498.425
9399741187,12197723913,3374.858000000001,7750.023416919192,3998.062,14104.180420818071
9761973709,11191777718,3648.569,6391.738833333333,4780.282,8912.233966666667
1022938388,4816544797,940.189,4443.510376501035,999.429,4802.57532173913
7968520635,2108786700,3115.790000000001,5751.789,3531.052,9030.79583611111
4073552757,3279200513,1358.382,1773.788,1773.788,2222.9955
11587473467,5296416882,3872.031000000001,5475.884,3887.848,5604.825
7440875185,12045464872,1889.548,2810.7228,2216.01,5068.1184769480515
9737119266,1302610458,1308.512,1308.512,1308.512,1308.512
11594481489,23666905,3955.183999999999,9550.7785,5254.859,13844.847088095237
2963872201,1335415533,916.263,1883.263,943.8919999999999,2165.896
8066841978,60491706,823.5909999999999,2404.2318797619046,1042.536,4292.199411340853
437016868,12071166307,1606.605,2479.053,2479.053,2972.948
12087092387,9167542431,3258.6209999999987,7667.706166666667,4224.362,10972.806923295984
4924099660,1602055801,3476.798,4153.442,3800.9049999999997,4676.53
8615727926,9210194647,3383.6699999999983,8103.988655128205,3678.786,10516.859932323232
669262126,12071213460,3788.7,6023.748333333333,5139.24,8183.594415384616
5377802110,510114709,3493.9510000000005,6548.88525,4439.988,8903.906625541125
2566198245,1856122902,1285.3820000000003,1594.937,1352.236,1604.951
6370685977,5889097046,3478.863999999999,7822.561041666667,4821.506,12992.405577777778
2791896278,6366574341,1955.136,3958.75025,1955.136,3958.75025
1276695165,5895946047,1344.0329999999997,1599.836,1428.836,1819.311
6185387556,6034078428,3577.142,7652.298666666667,3985.385,17197.106915873017
253929560,3288886142,2908.7720000000004,2908.772,2908.772,2908.772
536624247,11212135059,3803.3889999999983,8113.609284375154,5359.762,17755.755133427683
1354821311,4379670130,757.4440000000001,757.444,757.444,757.444
2463125503,26464269,3621.894,7412.682541666667,4546.356,13314.000813492064
12080114159,10659692699,3196.115,8442.763533333333,4298.661,14119.495544444444
12159580303,5083872812,3112.8400000000006,8243.383095238096,4548.27,12117.045994227994
11730937928,4785519603,666.9200000000001,2528.0345288515405,666.92,2528.0345288515405
11418318937,1109068206,2761.7470000000003,5430.249,3631.2419999999997,7518.4195500000005
12020387568,3444405437,835.7869999999999,1255.2655333333335,867.751,1754.478
1277489776,1277349577,753.401,753.4010000000001,753.4010000000001,753.4010000000001
11418126288,3405332795,1638.6589999999997,1638.6589999999999,1638.6589999999999,1638.6589999999999
567390600,6556000350,1511.915,2123.25,1934.241,2626.729
4130478510,5268092093,1019.757,1398.078,1398.078,1469.241
313717796,9831875741,1496.699,3844.133,2102.175,4023.7461036075038
3966471898,1245128714,3487.8250000000007,5969.231505747127,3916.878,9111.794941622355
12291978702,7062623932,1415.7530000000004,3010.525,1415.753,3010.525
5130759846,4345524715,1584.902,1584.902,1584.902,1584.902
11224809269,249717501,3651.5859999999993,7896.865541666667,4755.185,13063.574627777778
890085512,12049478818,3943.3060000000014,8833.064142857143,5038.548,14559.369445344455
5033142164,12060986541,3163.426999999999,4792.952276190476,3872.346,6720.049145702671
4677426857,11415007467,1792.8629999999998,1792.863,1792.863,1792.863
130143409,12047425084,3553.287,8007.567219047619,5034.978,14798.109050293726
12071519564,3840270050,1737.674000000001,3333.765,2325.029,6356.4015
1431043483,1385176460,2427.4130000000005,3791.951,3058.444,3905.5793106060605
1613166626,1516415278,1764.991,1764.991,1764.991,1764.991
3442793287,7707201920,3627.701000000001,4433.545,4313.669,5885.5109999999995
12074884491,190951308,2073.9639999999995,2568.765,2249.779,4360.765
3966906569,3043542997,3743.4139999999993,7896.5104833333335,3743.4139999999998,7896.5104833333335
34916420,1588240287,1559.697,2350.978,1630.3600000000001,2878.395
8907321702,5042596520,3612.788000000001,6587.002416666667,4281.05,14108.744551587302
1036616266,194617014,1734.758,2480.948,2284.272,2947.4990000000003
11176813167,9318346236,3219.726,8144.157923484849,3538.872,10030.724390942029
5083509387,669261933,1603.0569999999998,2479.6923333333334,1898.646,4580.4541
2428797768,11419662843,1874.242,6666.172,1874.242,6666.172
1636312065,6612760615,2579.26,3836.085,3836.085,5035.62
1500082837,1501626498,1683.304,2089.262,1683.304,2089.262
7617283799,5354635407,2862.725,10449.958942108355,2997.422,11107.050796925065
12088720993,12063292667,1240.5670000000002,3229.884,1544.6589999999999,6382.866
2231891390,5263726009,3843.357,8888.786,4829.553,12535.565316666667
3528381833,4784087025,3047.1650000000004,3047.165,3047.165,3047.165
11983517976,1715986936,1292.0060000000003,2244.6445,1535.356,3936.4992896825393
3151388372,3060446345,3231.556000000001,5266.18375,4078.147,7423.7755
4140713632,11415606600,2586.152,5588.035925,2918.24,6528.629989655173
2694722608,12085140651,2065.1290000000004,2065.129,2065.129,2065.129
661138812,2361553124,3754.5880000000006,8767.70395782712,5297.9039999999995,13519.238
32650990,7713972399,2350.847,7824.672,3017.552,11190.409
245927791,245972336,2355.837,4536.304,2861.522,4903.731
9063528254,1908112190,2275.466,2275.466,2275.466,2275.466
1914509843,2396611804,1216.0120000000002,1904.349,1256.203,2199.0292
9029169628,60756036,2916.467,5913.673833333333,3609.524,12660.240234126984
26731883,4801197974,3809.294000000001,8827.273394877346,4330.777,11739.482988816739
10047211434,11830454483,2091.847,4747.630666666667,2225.113,10194.361075
4994830335,11488971418,2288.4929999999995,7537.424564102564,2354.244,8122.478114102564
11569933894,1498099390,1118.37,1118.3700000000001,1118.3700000000001,1118.3700000000001
31918188,11892846502,2627.631000000001,4890.331833333334,2627.704,6138.372103030303
1297040303,1553914604,3654.459,7413.347,4658.835,12506.291733333333
1564835910,1564821304,1850.125,1850.1249999999998,1850.1249999999998,1850.1249999999998
6579917444,4674241014,2857.7539999999995,3972.5660000000003,3972.5660000000003,5838.043
7284832158,3757392754,1350.9489999999998,3646.8675,1442.18,4255.1984999999995
11980248145,8883130216,1517.371,4168.93175,2672.597,5077.325432954546
4099004112,7555026848,1770.6749999999995,3952.2422666666666,1821.01,4546.163766666667
5561516676,5561516621,636.87,636.87,636.87,636.87
11842217348,10665149118,2278.223000000001,2278.223,2278.223,2278.223
1372124932,1235099342,1430.8550000000005,1711.559,1430.855,1711.559
1237050994,306508906,1535.4960000000003,3794.6379830127426,1547.956,4021.833481348884
3381974536,1488480684,3020.831,5781.972,3020.831,5781.972
3809993791,34916418,1180.0550000000003,1434.818,1434.818,2491.9415
3114677623,1216773064,3071.3899999999994,3344.5170000000003,3113.943,3435.722
12188255981,8886945415,3583.1800000000003,10368.528327720805,4853.143,14580.009557849035
5473959213,11582328335,2465.2560000000003,4167.021,2761.518,6736.069092683632
10659714156,2086402540,2776.6959999999995,4557.711533333333,3066.83,8371.91551904762
5538169855,6203108906,1715.7970000000005,1715.797,1715.797,1715.797
5759984026,12055459436,3139.815,7473.526888762855,3588.5789999999997,9633.457248070214
6796052408,531345243,3633.486,6472.657425213675,3803.842,6797.786341880342
601663380,1190795619,2898.858,5026.3025,3522.5660000000003,6447.7089166666665
10883137366,6180681942,3251.392,3220.112,3220.112,3220.112
10665149121,3509753814,2504.0399999999995,2504.0399999999995,2504.0399999999995,2504.0399999999995
12049065859,8906764447,3279.458,6936.240964646465,4444.366,14285.792486507937
12033541141,2483734914,725.633,1438.8600333333334,820.09,2737.1437285714287
4970270032,4784788321,2295.8490000000006,3991.8270454300086,2856.6839999999997,4802.828689019752
2848982080,5448744070,1677.9080000000004,3738.814095238095,1825.2459999999999,3887.2130952380953
5459536056,6149993811,1094.9409999999998,3301.0620833333332,1167.423,3418.8220833333335
10844707462,12075174533,3100.634,4408.5738,3938.261,5419.191476190476
12049282903,8856631436,2437.0670000000005,5023.131,3758.718,9570.576235807655
10824504861,5889097047,1853.87,3371.8397333333332,2082.317,4518.180066666667
9960365363,10592129760,2273.527,5852.616310526316,2347.052,6163.432710526316
1609834177,5559280652,1934.7540000000004,4196.547,1934.754,4196.547
9767860411,12041990889,846.7969999999999,1135.104,865.05,1256.827
10963905037,9649067400,2362.7340000000004,4801.70315,2981.447,8021.429857142857
986570082,12048979935,1615.6819999999996,4565.512425,2134.856,6220.579340277777
4962559463,3405322209,3432.166000000001,6052.451,5419.697,7963.9986499999995
662194858,12068158570,1327.1719999999998,3729.3392642857143,1672.541,5481.805964285714
8555352705,1038116327,1901.248,3277.603380952381,2150.598,4151.662380952381
12049478994,4071650823,1437.015,2603.0895,1520.177,2987.382
1836996461,6242748953,3812.261999999999,13878.549328431372,6339.669,16839.18604285714
11407552072,12278366842,1975.1240000000007,3947.895,2327.717,6819.593359307359
11594292928,12063119515,3880.759,8736.52275,5097.31,12275.568047619048
9649067352,5102782332,3865.9140000000016,7530.110151098901,4397.162,8821.840333333334
9280459865,12188034397,764.0880000000002,1941.5692888888889,1160.576,2963.182581349207
8775922702,12069613508,2121.605999999999,5616.158261904762,2876.485,8226.30638939394
7656478049,3085893751,1459.1280000000002,1684.8899999999999,1622.5529999999999,2684.016
2645531521,2929050147,2662.839,4027.083,3097.708,6382.064619047619
6759103850,1569131750,3853.482,6957.104625,4387.237,11170.553077689176
3711920252,3284792209,2043.857,3219.666,3219.666,5722.889630952381
1516355917,567390449,993.413,993.413,993.413,993.413
1403127438,4351248182,1047.875,3228.9513333333334,1047.875,3228.9513333333334
2709545144,1571233789,2946.0969999999998,4645.7294999999995,2946.0969999999998,4645.7294999999995
702782006,602531996,2377.48,10564.517767857144,3809.196,15439.658
190823168,12055636681,1082.9299999999998,1691.924,1501.95,3303.749
12147575260,2801030616,2636.521000000004,5316.455,4353.935,9841.992738239538
12380818610,414591600,3121.5080000000007,3121.5080000000003,3121.5080000000003,3121.5080000000003
12085140820,2466505007,1032.206,3920.383389285714,1048.6019999999999,4776.903661207664
12059177533,12057434139,1419.207,1918.1826539682538,1635.33,3743.8353063492063
640601276,11379308257,3043.998000000001,10319.760311767011,5404.862,12247.11839146626
10737493414,11940165257,2180.1249999999995,3304.784,2715.103,4764.9556
6370430617,10733600023,2024.6809999999996,2674.836,2083.871,3789.2040793650795
10718718968,2244102861,987.7050000000002,2249.893,1807.93,4320.678794206681
10069563969,33152395,2769.3460000000005,5956.5505277777775,3069.089,6096.589238095238
1038353335,1361561186,3228.907,9386.34055892867,5324.638,12004.49598789576
27362304,8900393127,1374.6820000000002,2715.425,1400.205,2719.0769999999998
33126090,10846415261,3547.417,6351.683,4297.724,10927.293
11749968195,338491878,641.7120000000001,641.712,641.712,641.712
3162749263,1301701126,1657.3030000000003,4064.605,2388.456,4796.98525
11510788296,3870677299,2294.222,3898.521,2557.5950000000003,9134.51638888889
2118084335,6590361515,3919.2380000000016,7679.934926136364,4229.044,11317.330652070394
3489666328,6179201471,1720.8470000000002,1720.847,1720.847,1720.847
1993703317,12059429912,1758.4959999999996,5649.63279442306,2102.553,14369.444661608344
4140320666,9649067403,2901.4619999999995,4572.005666666667,3208.929,7520.344847619047
12042022725,12073696987,740.9619999999999,2449.7618353174603,1015.881,3899.3533548245614
9336944474,4136171113,3499.625000000001,7533.401869047619,4623.622,11947.239333333333
244500912,10209607363,3999.757999999999,5374.425166666667,4372.64,7821.5855
1884903972,12063463244,1412.2689999999998,2614.868,1910.577,3350.8273944444445
1332080514,1394759119,1509.039,1687.3410000000001,1509.039,1687.3410000000001
2378711897,560962800,2083.9480000000003,2861.074,2083.9480000000003,2861.074
4037267646,1874215170,2565.001,2565.0009999999997,2565.0009999999997,2565.0009999999997
11020771009,1609333607,689.8639999999999,696.49,696.49,1026.7835
3442923319,2423149405,3401.475,5020.4775,3849.6150000000002,5806.9545
12049282943,12080009680,2984.816000000001,5282.988,3489.319,12467.28619047619
395380849,7471644515,3419.918,10281.650891341991,5646.944,16583.858872077923
6572175858,674783714,3532.4360000000006,9565.537675,5809.312,13576.955567063493
12234738396,463517191,3029.4839999999995,5444.532312820513,3124.139,7588.934457142857
8665037696,1607370072,1277.73,1486.277,1486.277,2325.291
560448964,11418090565,1337.779,1190.011,1190.011,1190.011
2073912441,12063119087,2541.2610000000004,4087.510133333333,3235.533,6695.616333333333
10286682763,4841327228,3010.8679999999995,7084.47916257703,3791.543,7482.091740196079
9836298730,986700839,630.4979999999999,813.778,813.778,1168.66175
6475132653,2844200217,2136.457999999999,5368.737268899521,2595.719,8515.429068899522
5612301178,12015363834,3878.024000000001,12952.072273358586,4976.042,15593.855999335387
2371551971,2383920448,1522.965,1522.965,1522.965,1522.965
3832160868,2348519008,982.966,1837.882,1433.662,1852.296
5435542358,9625353211,3356.967,8304.023133333334,4714.158,14705.936516666667
6943145078,4922677587,1511.7080000000003,2737.185,1578.762,3114.3474285714287
10928550633,8149345790,758.418,2314.1621,1253.627,2944.873423809524
6812272596,2202089184,841.143,2482.0131036075036,862.484,2589.919913131313
5951676945,11525648777,981.4550000000002,1134.162,1134.162,2401.3750505376347
4419552328,10707823802,3417.2040000000006,4823.7215,3417.204,4823.7215
10279944563,50051393,3437.216,5094.387,3775.384,7762.187266666667
8880034069,12030879463,3987.767,6029.664333333333,4449.3460000000005,18354.94510531779
4015161012,9768379134,1814.851,3255.8512428571426,2273.444,8549.204
9463347654,3263878938,1701.738,2937.723,1941.144,3478.902
12067744796,12071256334,1443.0179999999998,4276.24,1757.262,7465.150000000001
7545643984,6657731405,2258.551,6926.46436969697,2614.544,11608.759661111111
1516294681,3683821626,3237.465,3237.465,3237.465,3237.465
12067796260,12043888392,1166.1840000000002,3270.013802991453,1291.196,4347.210337362637
1332279208,1039435882,1711.42,2189.4766666666665,1773.619,2317.9976666666666
12073179916,6140781234,2103.885,5880.2,2947.075,7849.912
12291623005,5882880690,2125.421,2125.421,2125.421,2125.421
1185697876,2388875514,1136.678,1132.228,1132.228,1132.228
1336995723,1636294530,3598.0449999999983,7358.856220308677,3598.045,7358.856220308677
7041322633,12047605063,1303.0590000000004,2107.736,1628.3319999999999,4215.73901453202
12030828661,8572601342,2687.2320000000004,7023.222645454545,3379.314,15074.341598809524
6370039112,306811015,3768.625000000001,4459.646,4263.506,5656.260182094595
4064720321,5341563933,3449.895,5917.867607142857,4383.377,7758.41
2386081063,5772590903,3821.163000000001,13623.027014618878,7462.767,18078.94771888667
3884862040,1276370000,3312.148000000001,7025.938619739756,3723.1459999999997,8832.897099191103
9556361960,1474112247,906.856,4449.754,906.856,4449.754
36430085,11098148649,2318.0480000000007,2836.355,2645.419,4440.994
9783920661,4217888605,3720.324,5484.001,4765.441,8563.748499665831
1037388748,387160507,2151.1510000000003,5515.507,2241.486,6164.357767676768
2830852428,10823972013,2553.251999999999,7379.254001515152,4737.036,9558.67501103896
255548629,4718358233,2141.485,2098.4519999999998,2098.4519999999998,2098.4519999999998
2321515177,11613324063,3684.361,13076.335916666667,3918.75,16181.139516666666
9332077791,12145040307,1672.1859999999997,3635.0364384615386,2026.912,5313.093409722222
3243656266,11829979780,2642.518,5056.084,3326.436,11544.611842051821
11833477603,1608224782,2383.6390000000006,5152.281955555555,3128.84,6686.578127930403
6939243142,5986883486,3675.384999999999,7612.337399999999,4638.801,11755.2881
885892380,5737578777,2481.139,2481.1389999999997,2481.1389999999997,2481.1389999999997
2487663759,12055380064,1573.979,2746.893836363636,2004.338,4953.514858585859
84463212,3258983104,3862.888000000001,8044.876333333333,4242.787,9458.275333333333
9294311002,9329543418,1097.701,1403.065,1125.731,1933.351
5373415477,12280122460,3344.9720000000007,5816.294,4216.052,10711.52403968254
12029507594,3252042961,3118.826,7209.196919047619,4708.492,13626.913090306638
7707095959,2355644538,2449.583,4610.783,2512.391,4685.0363333333335
1037364984,10613697680,2829.318,5922.790406060606,2975.016,6198.684406060606
1314883414,3120180288,996.3090000000002,1359.671,998.9630000000001,1360.398
1937570160,9489501716,2971.4360000000006,2971.436,2971.436,2971.436
12048979956,11830193097,2704.967,6983.457955555556,3893.925,10576.244697619048
6793898682,8223185676,1544.1830000000002,4058.286111111111,1723.978,8212.699933333333
9107657323,5113208110,1043.243,1829.439,1043.242,1829.439
2850011760,2061649574,3794.788,5008.549,3803.8630000000003,5601.046
11224784352,12056951180,1454.828,4277.846,1542.309,7535.945523809524
20842353,12074935771,3282.498,8031.9349999999995,4814.562,17275.845371572446
12073401224,5405850491,3559.313000000001,4598.749,3626.817,4617.4310000000005
4743237650,9682587063,2380.644,4552.450928571428,2628.477,5940.962928571428
4215009184,2222526791,3850.304000000001,4989.829000000001,3850.304,4989.829000000001
12055459607,9469235862,2330.825,6001.557,2860.958,8952.554290909091
1349619388,908750700,1917.361,3548.8830000000003,2307.071,4222.440666666666
7422279779,1358036559,1196.458,4173.079777777778,1970.612,4740.614416666667
12067821060,12061427515,3035.423,7094.116224080268,4810.025,11767.348
11110907621,11836966067,3666.502999999999,13929.939600427351,5084.869,18025.4369531746
12079851055,12058944960,2359.883,8127.013683585858,2974.878,12678.376262373737
4226420507,26335093,3404.519999999999,10337.673218181819,4476.114,14230.93119047619
11989780322,12055164383,2842.0849999999987,5415.866467586232,2861.945,5499.841467586232
2905326969,35291570,2746.6410000000005,9469.391939052288,3805.936,16068.332276515152
11176797725,9957439219,3508.780999999999,8994.637720562083,3842.312,11133.366188019263
8880034044,12082417277,2285.3260000000005,4356.725533333333,2849.345,5781.7433174603175
6665088959,4610337870,3312.822000000001,3312.822,3312.822,3312.822
12071333059,11191777417,3785.5439999999994,7779.591171428571,4800.918,11036.448593650794
12043646802,9826162144,2868.759,4620.758,3224.954,7653.741783333333
7280060433,8928439540,1870.894,3931.2450936507935,1970.57,3982.0617337606836
3920625552,12046280726,3657.502999999998,10064.74002766743,4492.526,20926.193900133396
1817302943,1163735782,1000.7839999999998,1000.784,1000.784,1000.784
12057434112,1848025096,2035.264,3503.544511111111,2537.998,5018.182915873016
12158126799,1500108563,1472.2089999999998,4022.942,1531.234,4511.732166666667
6185341147,8838243720,2517.480999999999,4098.659,3028.991,10019.066796969697
7498917290,1613055789,3924.9699999999984,5848.26918627451,4065.116,8805.980604761904
10928550583,454393923,3371.8700000000003,9551.067141774893,4841.025000000001,15865.286786097236
1326723165,1079864296,1935.671,2766.513,2766.513,2786.3777
12054917743,11782718074,2398.4450000000006,4837.55,3485.843,9993.2102
4193449848,11620080800,776.527,2205.344879761905,792.609,2528.340879761905
9364338803,1113044975,1154.095,1154.095,1154.095,1154.095
8397212474,54615242,1011.31,1631.1621666666667,1053.491,1696.0256
1184304016,4309104458,1782.7740000000003,4564.551702283923,2121.723,5194.392240476191
9834274800,5006393114,2056.1739999999995,6052.7880006349205,2292.254,10121.79761968254
8906774369,12014431120,3068.161,6124.40675,3576.224,9371.99941933622
12014231626,12313720155,1601.0760000000007,5014.063438461539,2518.901,5767.9881051282055
7074299787,12071844682,1767.4139999999993,3685.218427380952,1978.87,6549.688244444444
12057482997,12034910222,2645.472,6965.0944,2990.768,9666.028644444445
6793898675,659692303,615.519,1232.329,615.519,1232.329
4416255577,1645599781,1972.719,1972.719,1972.719,1972.719
1357906008,1408424270,1314.95,4751.785055555556,1650.775,6154.98588095238
11649606446,8274125821,2255.5800000000004,6106.450415873016,3008.999,10357.17716031746
2694721330,11201758530,2672.2470000000008,5390.516285714286,3439.582,9631.006847446311
1400782636,3908745400,3538.513,6151.414143939394,3538.513,6151.414143939394
1846206547,5904807641,1752.4980000000005,3059.985380952381,1752.498,3059.985380952381
1588221136,3094536021,3696.289000000001,6806.756,3721.146,7059.864
7356815914,3151158215,2535.226,4943.808,2588.868,5875.737999999999
7993937059,12179417773,2353.8689999999992,5577.926031313594,2919.907,7888.742045745688
4283908383,307579722,3285.147000000001,5382.0660077922075,3567.524,6324.907607142857
2972138441,6375678879,2970.189999999999,8408.73427063492,2975.015,8410.719603968253
7752817847,529883148,3321.318,8000.084333333333,3321.318,8000.084333333333
10658460227,9286872567,2880.563,11016.329455555555,3188.585,13696.901455555555
1588188836,2364129624,1501.554,3024.96405,1620.593,3263.6510612903226
1423426949,12048892147,829.7420000000001,3597.409384933367,830.003,3602.9778543384978
6814482815,6393255030,1654.207,5533.436000000001,1669.5900000000001,5665.02
3464888501,1282583482,1945.937,2327.2775833333335,1945.937,2327.2775833333335
545841718,538184017,3735.652000000001,4669.8189999999995,4044.403,4688.533056140351
4059468358,8656097885,2981.043,4340.0560000000005,3361.4680000000003,4851.623250000001
1499070105,11491546010,2806.6770000000006,3572.014,3404.038,5016.1765
1821354564,10990389642,2886.567,4594.259333333333,3316.668,6277.603
1023431647,1255614584,719.8879999999999,1458.791,719.888,1458.791
1623553802,12123809543,2525.416,2525.4159999999997,2525.4159999999997,2525.4159999999997
8763695546,9649250263,2844.943999999999,5533.734541666667,3668.434,13016.838012337663
2428993041,2855968205,3974.879,7045.663733333334,5788.294,8710.23802823726
2136964863,4071776053,3958.6059999999993,5358.861,3963.761,6558.875
170754800,1789642000,615.1010000000001,615.101,615.101,615.101
1583892958,3114661170,1960.994,2410.793,2038.695,3047.5824
8111370623,9233688428,3082.96,5423.964,3742.417,8194.424228787879
3018304091,3040614279,2005.503,2005.503,2005.503,2005.503
315058421,11418196193,1476.8100000000006,2379.8160000000003,1476.81,2379.8160000000003
8814212463,8865464665,2943.208000000001,5779.9025,3384.457,9074.074846031746
1501626329,1035244493,3758.0029999999992,4241.328,4241.328,9340.880557094595
4037851457,2073278557,645.1809999999999,2226.652,645.181,2226.652
747473841,4994955904,3612.712,3612.7119999999995,3612.7119999999995,3612.7119999999995
25310827,12055379728,3669.404000000001,8160.480552380952,5955.9439999999995,16018.532121969272
1342118670,3848540046,1186.0659999999998,1165.575,1165.575,1165.575
6864335271,12063119162,3124.6559999999995,6206.444425252525,3640.352,11202.9734
1899985638,4697423339,3745.008,7076.0969000000005,4026.275,7759.29615
3270356694,2403789139,2076.744,4494.245,2661.04,8798.446352941177
12046131495,10317007072,3425.2190000000014,7328.988333333334,4282.972,12927.396102380952
8223185595,11204062652,1780.884,4139.571884920635,1780.884,4139.571884920635
4960204418,10694981325,880.345,3040.6464666666666,883.132,3049.6154666666666
11573776402,4768429550,3939.956999999998,7939.0,5392.69,16531.282944444443
10771932247,315478192,2133.4240000000004,2133.424,2133.424,2133.424
12057434311,11631797740,1312.071,4946.1235,1924.96,5930.3685000000005
4071415118,4071633296,776.943,776.943,776.943,776.943
8887505982,318717715,1612.6190000000004,4421.184088888889,2381.696,5228.1691375
10069418959,7897262662,3579.863,5666.122,3759.482,6029.926
74793727,8987853929,843.957,843.957,843.957,843.957
4007830397,470607095,785.894,785.894,785.894,785.894
11195675759,12069585573,2931.251,5441.953166666667,3479.288,8139.2409153679655
3147851811,1474023454,1158.792,1158.792,1158.792,1158.792
1403366169,667387612,2240.600000000001,7629.6377,3319.815,9604.22374047619
7644575028,10811863021,2514.59,5647.366797619047,3053.425,10043.450232251083
10603605388,4140768006,1493.116,4845.801,1493.116,4845.801
2254398342,11780609032,3907.484,11004.72013095238,5771.396,15949.353302777778
1333541910,12055500276,748.9929999999999,3479.8061428571427,748.993,3479.8061428571427
1468526770,975480709,3332.957000000001,9934.246283333334,4163.813,13252.61420151515
1107374044,8951711618,2371.609999999999,6194.566666666667,2999.1169999999997,7215.803389285714
26079706,2108782579,883.415,1673.023,1077.127,2738.353
11998247598,2422748280,3130.8460000000005,10202.31975,4945.446,16641.209749999998
352645124,9343257900,2859.696999999999,6960.319324607783,3018.5660000000003,9187.170324607781
4135982300,3834208284,1219.4620000000002,1219.462,1219.462,1219.462
6348251479,24485763,1475.738,4290.465833333333,1750.532,5076.3350452380955
4489680766,11411445732,3538.078,5761.562634545455,3924.123,8181.896434545455
10072761210,12084589939,1189.8780000000002,1567.728,1278.656,4352.2835954622005
275647372,3578693267,1942.754,1942.7540000000001,1942.7540000000001,1942.7540000000001
6052710806,12073530652,3824.060000000001,12745.041776052725,5508.777,19782.812614698632
11411646592,1373825377,3491.1250000000005,6823.6552,4731.236,8981.4167
11967451267,2472117585,2963.8979999999992,6418.428938461539,3318.195,9977.291429395604
3830297584,3378236380,2368.036,2489.265,2451.652,2622.7723333333333
12093663889,2436779188,1852.524,1852.5240000000001,1852.5240000000001,1852.5240000000001
9765727036,9760786278,1007.7239999999998,3440.9424166666668,1660.371,4488.008333333333
521225504,4592271783,1108.1280000000002,1108.1280000000002,1108.1280000000002,1108.1280000000002
5119371750,5754347797,627.488,627.4879999999999,627.4879999999999,627.4879999999999
1921830164,11366421132,1306.063,2599.025616666667,1926.914,4390.301121078432
1454628993,1566655370,1388.5859999999998,1798.6970000000001,1798.6970000000001,1972.224
4071785723,667282272,2695.782,5132.137142857143,3476.649,8579.707567099567
34401987,3846297553,1041.1360000000002,2487.887333333333,1366.851,5379.200090909091
4136037935,4136028215,750.807,750.807,750.807,750.807
12045464983,12043602007,970.182,1973.3345,1240.185,2841.8508038461537
9063528229,4924099647,3174.027,3840.548,3434.59,5386.307
10819639814,6970451223,3764.705,10728.14406269523,4637.041,19439.81554556577
1837043327,12043646540,2410.3460000000005,7763.126905555556,3400.933,10721.913915149826
1989406405,519660800,3886.8140000000017,5176.201,3910.873,6526.672428571428
12049132552,36633565,2115.942,3663.0785,3010.385,4617.396561290323
1101823590,1615424932,1731.277,1731.277,1731.277,1731.277
12056828868,12071096027,793.6050000000001,1798.486,899.058,2407.838
9671558617,10658893245,660.3539999999999,1892.406,670.925,2038.615
12071666072,9175425840,3728.8779999999992,8422.87552936508,4698.565,17912.94268787879
12043219829,12046133201,2716.839000000001,6176.483,2888.886,9835.726904761905
1393470558,11415606486,3181.332000000001,5542.988,3240.414,5666.354
6207203267,11446444705,3720.144,4370.587,3720.349,4370.587
1412610533,7617283856,3467.0090000000014,7535.360133333334,3915.943,14395.159376190475
1336989028,1579267855,2597.3429999999985,4888.787666666666,2608.758,5398.626666666666
12329729624,3847042409,3734.83,6575.5257,4505.815,12896.518657941117
4785167712,12040436746,3065.469,4208.9094000000005,3443.656,5734.86665
5272533741,6482828230,2954.3880000000004,5021.823333333334,3656.243,10171.00106060606
5186318629,9685853258,1966.965,10031.205,2187.17,10166.347
8005695000,12060797055,3157.521,5976.8506,4257.045,14940.800893333333
11411445765,1874062229,2603.225,3857.3126666666667,2631.011,4267.604346666667
261162628,1103407910,2639.7400000000007,6327.627666666666,3824.208,9129.950666666666
11598560227,12071611986,657.7080000000002,1767.46,872.55,2063.374132142857
1819874062,1453882757,3247.1780000000003,4404.218,4404.218,5429.453380952381
4546765638,1388448453,3858.8000000000006,3858.8,3858.8,3858.8
1885041296,1885041323,702.6579999999999,702.658,702.658,702.658
9063506362,10868952819,2838.578,2841.107,2841.107,2841.107
3985806599,4165756953,1037.327,1037.327,1037.327,1037.327
11340447605,195748237,1947.093,5253.13417825312,2124.433,7841.492101110266
3076782209,9721586710,1829.734,2145.037,1895.289,2423.35
34735638,4037164642,3010.978,3010.978,3010.978,3010.978
3145113743,666854852,2618.7360000000003,2618.736,2618.736,2618.736
12071744762,12071808078,2169.251,5000.229429292929,2777.056,7237.8382190476195
779459233,2715112351,3660.472999999999,8008.779892673992,4673.468,14153.882452391468
1600720638,5836874755,1189.604,1189.604,1189.604,1189.604
12067894252,3048045992,984.4949999999995,3528.891,1016.814,3911.14
2470838190,387463030,3868.862000000001,8364.7327,5110.235,14076.953846031745
12188446560,6418903539,2782.476,8083.101892857143,2917.511,10161.388086699508
12380994799,8972143807,695.8410000000001,877.144,741.624,2745.781
3789339708,4438219658,1665.6660000000002,4533.636663636364,1665.666,4533.636663636364
7752817837,1127989208,2199.301,5508.079,2199.301,5508.079
1936144401,3657870239,3134.3970000000004,4195.1449999999995,3216.557,4891.794
2198824123,2225115466,1743.3710000000003,2239.636,2013.946,2923.7505555555554
560414727,6020985807,3841.854,4424.983,4424.983,4603.019
11904257773,35393053,2365.909,5405.078399999999,3185.5499999999997,8240.171833333334
5707794939,12299203090,945.6000000000004,945.6,945.6,945.6
4071803659,4529983709,2768.160000000001,6044.488,4002.953,10501.725638095239
12045464904,55457380,2332.919999999999,4285.944388888889,2769.95,7911.538204761905
306500427,1498764228,2237.9529999999995,3092.392,2459.882,3389.2072
8149345771,5889097042,2219.9189999999994,5204.820071428571,3238.912,7303.803445238095
9214476872,9666214484,3699.161,8117.59115,5128.055,16348.86779847636
1409705358,9048581796,2847.7510000000007,7335.029063157895,3908.746,13316.617000000002
6961555654,9880944571,892.3969999999997,1186.8916666666667,1011.973,1486.93125
11406194655,7923507013,2183.684,4506.339233333333,2288.368,6627.305833333333
10989558120,6433181107,3981.912,11647.089000915752,6597.597,20565.752616889753
9630290485,2843677442,1820.933,6252.862,2669.357,6672.385
12063454461,7257863460,948.831,2056.588133333333,1158.562,3793.030133333333
6252609755,9724568343,1452.824,3110.584,1452.824,3110.584
10658830553,11406626463,1172.45,1750.114,1183.459,2062.515
11009945312,3789339706,2812.572,5620.0341,3284.4,8064.580843795094
5900269716,4662785946,2715.18,2715.18,2715.18,2715.18
12049285486,1777359694,913.32,2346.794,991.821,2666.49325
1277374685,1326895704,3155.317000000001,4036.171,3449.458,6161.3808
1600183564,1127773443,1205.054,1924.949,1309.126,2634.257
2155791608,9463637500,2865.6849999999995,3359.966,3020.968,4256.526
12056808126,4745563075,3353.84,5693.453,4080.0570000000002,9915.2355
3920625770,8615727956,3895.693,10376.543416666667,4517.087,12789.941522222221
10690842722,7012463933,1636.4770000000003,6629.306,1875.583,8394.246283333334
245972358,8851220888,1273.346,2137.583095238095,1273.346,2137.583095238095
5261592574,3895463765,3092.0509999999995,4562.686,3320.3230000000003,5275.366
35408672,12043601889,3773.671,7985.97,5246.7480000000005,13353.134117857142
3992910015,1690524189,1726.162,2099.844,2099.844,2911.3346363636365
9757508280,4136115354,2750.0290000000005,4576.962,3729.587,5508.333
3834208269,6581335608,941.205,941.205,941.205,941.205
1609958783,5083444596,1862.866,5403.107271264368,1862.866,5403.107271264368
203963950,6329523095,608.082,608.082,608.082,608.082
1846206558,2555369509,3749.238000000001,4328.203,3752.7980000000002,4336.865
476305724,3571172299,3938.4340000000007,4514.0625,4093.031,7480.959083333332
12056949244,12069620997,844.4989999999999,2721.4023333333334,1304.863,3348.7020357142856
2764250814,3552894988,3484.8660000000004,6374.302,4415.217,11028.627
646750859,10973364798,2062.187,2107.7509999999997,2062.187,2107.7509999999997
3018274038,7650216793,811.945,1214.032,811.9449999999999,1214.032
245413993,2856131749,1052.996,2838.371,1052.996,2838.371
12070075284,4851020024,2172.253,4226.121302571697,2449.315,9793.788724675325
5033161166,801722116,2990.763000000001,5073.9929999999995,4420.573,9270.950321379925
6263884526,6336563610,898.2719999999999,4009.895,1770.316,4948.963208953089
2440044537,1733806048,1092.869,1733.6009999999999,1092.869,1733.6009999999999
35885646,12071304513,714.0849999999999,1360.342,872.767,2390.9976615384617
4623863852,2709545144,3187.38,5384.599999999999,3435.588,8092.721041666667
11345948728,9615112198,1886.4020000000005,7177.382183333333,1906.681,8929.31675
254168149,2929038269,1124.7600000000002,1484.316,1124.76,1484.316
265624450,3833812881,1952.6680000000003,1952.668,1952.668,1952.668
4015523524,4756682317,787.9240000000001,787.9240000000001,787.9240000000001,787.9240000000001
11612892139,5521012851,3024.8319999999994,4027.8630000000003,3348.396,4734.9415
12160604673,11060617196,2499.624999999999,5176.783596491227,2655.69,7791.860596491228
9037455356,4568845636,2802.877,3627.807875,3108.089,5987.014052777778
9772814477,11833519821,3806.333000000002,9279.7009,4751.011,18390.666616162434
623882668,2316977705,746.9889999999998,1708.8509166666668,825.99,1886.6156220238095
1474024337,2850016779,671.095,671.095,671.095,671.095
8752448474,6360104571,2106.825,3980.507,2955.2799999999997,6078.042666666667
12059596660,12060872540,3255.676,6704.974999999999,4467.428,10086.978696753247
3114680389,3114684207,611.048,611.048,611.048,611.048
517330720,9324876946,2976.1169999999997,8711.143743846154,3587.637,11214.49970899767
6375931800,6255464276,2674.815,8432.876603968254,2677.059,8592.413603968254
4603017384,6360104544,3032.585,6687.888800904978,3683.474,9478.607324607783
244509492,6762555383,1103.063,2752.179,1103.0629999999999,2752.179
10989424683,4387221616,824.9100000000001,824.9100000000001,824.9100000000001,824.9100000000001
12087167986,9836298755,3407.5200000000013,4731.184,4207.032,10394.78223968254
6229936002,9643292952,2853.624,4754.364,3647.699,9114.668133333333
4120494160,34916408,1833.114,3351.084,2148.368,4378.97
1038594993,8555352700,2734.6350000000007,4293.4554,3421.9420000000005,6781.605959523809
5657136824,75364461,3800.975,8273.891288888888,3868.335,8470.270999999999
12049362121,11563937463,3892.631,8257.5216,5085.443,13511.545872880892
6168795524,9512385724,618.993,618.993,618.993,618.993
2304476008,6942932209,2803.2570000000005,11925.9068,3879.109,14277.570516666667
3417494470,5306180970,2699.032,4385.125808391608,3366.249,6685.152865945166
9490521872,11942780879,2584.358,2584.358,2584.358,2584.358
2160014854,8832699232,1231.7260000000006,2437.071911111111,1263.24,4564.695791666667
2205337246,298628167,3018.097000000001,4854.14725,3459.991,7315.223492207792
667325179,1610663563,932.298,1377.4755,932.298,1377.4755
12069347670,12071539369,3526.5349999999994,6772.019541666667,4038.576,10382.02351904762
940562939,7707132624,1112.3380000000002,1112.338,1112.338,1112.338
12084627469,26086127,1127.4999999999998,2557.7426666666665,1520.422,5029.621731652661
6261544730,8762800,2026.5550000000003,3603.1675,2473.381,5744.929
11981051134,5157871263,1505.5229999999997,3899.82,1746.689,5829.188
1600737086,12090161600,1469.69,1469.69,1469.69,1469.69
1720748092,197310510,3642.584,7525.411295774238,4255.215,10807.2931487013
12041453277,12078118260,960.746,1365.144,965.067,1373.366
4103522838,4740069724,1110.2139999999995,6218.504,1110.214,6218.504
12041982249,12046021156,1999.472000000001,4229.633,2278.186,5570.0284
1600720668,5844830272,1211.422,1211.422,1211.422,1211.422
8538625116,12047487069,2130.6000000000013,3574.245,2614.781,9847.479193650794
11420145623,3975057574,2600.805,2600.805,2600.805,2600.805
12061513931,1051082350,642.3539999999999,2798.23,642.354,2798.23
2266708789,4301053509,680.9609999999999,973.742,699.431,1550.01275
5628630416,667339278,2544.304,5122.471,4507.951,9516.612666666666
1930141996,249359693,990.566,1845.8486666666665,1499.83,3196.1755
11195675745,9239224198,3568.238,6136.609,4450.03,10532.941273604467
1277469182,2347665960,1883.641,3103.123,2516.41,3663.7450714285715
2838244183,7504145582,2904.4469999999988,4383.64243697479,3453.955,6176.24043697479
4622566538,569952256,2461.9930000000004,2572.181,2572.181,2736.8755
1474023566,6128861237,791.803,791.803,791.803,791.803
1130780593,102619032,1026.234,1026.234,1026.234,1026.234
261210280,1532768463,1903.89,3443.0203333333334,1975.1180000000002,4539.172333333333
9222112778,2199299913,2068.039,6192.744325324676,2088.699,7427.720325324675
7619893100,12047487075,1076.9880000000005,2884.6226666666666,1642.026,4139.5016
4140667344,244499791,3169.2649999999994,6292.854,3476.121,8428.862333333333
6872117982,6185387561,2669.301,5347.676,3958.055,10293.04825
5895650905,6448587002,3693.154,9274.799666666668,5811.649,14488.52363809524
2792761137,3270930175,2407.473,3730.7425,2621.405,4348.183928571429
3954111167,3274652748,1135.805,1135.805,1135.805,1135.805
8995441065,1501672293,1761.35,1761.35,1761.35,1761.35
195270,8111370636,3142.571999999999,6544.8508,4054.022,12376.983232697694
5720917864,12025225912,2434.1660000000006,6786.882443647611,2843.396,10381.305684776144
3137446298,1383005019,3689.935,5278.8922,4850.656,6577.860319214119
2973877608,2006647653,3618.958999999999,5006.3465,3965.402,7259.604672121481
2334231268,12101232591,3968.342000000001,4553.819,3970.088,4553.819
4650297067,3417494603,928.4790000000002,1983.6825952380952,1365.959,2476.199761904762
12073541473,1956148137,3294.486999999999,4601.9439999999995,3948.524,5437.187
9666214502,9795491533,3550.3009999999986,7671.628541666667,4551.265,11327.263777777778
3203021088,1470854877,3703.429000000001,6423.907999999999,4398.759,7189.07125
5210570394,1474024336,2456.7089999999994,2456.709,2456.709,2456.709
2234938963,2211193819,1199.2700000000004,2098.0729272794388,1334.769,2784.9466363636366
1403127353,1589098606,918.101,1287.4660000000001,918.101,1287.4660000000001
1280314069,8845913678,3324.6470000000004,4445.864057142857,3421.005,7547.090055952381
7027185064,1357914480,2478.702,5886.5736548562545,4034.58,7163.335262699392
190951290,25321447,3958.109000000001,7311.182607142857,5107.694,19448.997111904762
12055500539,369003717,1639.5600000000002,4924.671,2798.3,6949.915880952381
12343218479,9068909613,1148.2530000000002,1148.253,1148.253,1148.253
12025327315,31918192,2157.5740000000005,4414.7175,3985.482,5613.1705
11574119014,11613330920,3630.695999999999,7077.281027667431,4143.531,12547.376509996948
12045529087,12045178151,933.933,1630.2858893939394,1053.972,3191.4423428571426
1682387612,12083171596,2413.3120000000004,4010.8887666666665,3304.575,8507.356379761904
3837825858,10778497379,1119.475,1119.4750000000001,1119.4750000000001,1119.4750000000001
6496430839,672151759,2401.761,4249.476333333333,2401.761,4249.476333333333
250624374,12276878448,2999.563000000001,4485.187,4018.101,6824.022608369409
195735042,202011547,2755.257,3221.319,2755.257,3221.319
641792071,1328537723,764.253,1924.8155000000002,764.253,1924.8155000000002
5178134217,11657036361,3329.951,8897.73272431942,3566.8340000000003,11106.541932330827
4611534040,7130363091,3397.345,8176.966444444444,4158.609,9200.670127272728
1035269067,1325757830,866.748,866.748,866.748,866.748
11509487107,12056828781,2907.487,6363.362,4083.924,8662.853346060607
2375738856,2911161901,2735.4410000000003,2735.441,2735.441,2735.441
2289084735,9927234053,765.4050000000001,1458.888,929.828,1508.424
4740116279,2116549549,1359.7580000000005,1753.2060000000001,1359.758,1753.2060000000001
9953403758,3683758088,2993.535000000001,2993.5350000000003,2993.5350000000003,2993.5350000000003
2452579576,1376049947,2589.005,8812.42144364761,4321.39,13397.344295896079
4002267791,1826626624,3205.36,4545.4449904761905,3482.092,6100.578550641026
7266080144,2696701500,2457.7470000000008,4888.897,2755.078,7096.3279999999995
10659692892,10302440126,2085.9360000000006,3274.6136333333334,2318.721,4681.8198
6012809977,8676910988,1386.636,2990.768906799083,1386.756,2990.768906799083
6996532231,3830557115,2594.942000000001,8221.227467800913,3317.805,10315.35528095238
1459021981,1459022061,718.6379999999999,718.638,718.638,718.638
1783090252,10658862633,624.5180000000001,626.1419999999999,626.1419999999999,937.559
11141020146,26296856,1880.6189999999997,4197.045366666666,2367.099,5573.0722749999995
3259665610,6375872188,2922.231000000001,11406.96598888889,3388.37,14072.53998888889
2386444735,6964768062,1369.539,2406.4697916666664,1369.539,2406.4697916666664
244688056,3760017646,2624.632,4451.8782,2881.773,5223.2112
2316977714,9702737207,1100.662,1397.565,1397.565,2835.2594
490664273,5254424569,2889.6939999999995,6891.316208333334,3495.276,7751.979275000001
1897883410,1897910422,1140.386,1360.606,1140.386,1360.606
1423304176,4890462665,2282.316,6012.396363139031,2521.756,10026.199863379548
8111370686,1428908249,3410.3899999999985,5991.815333333333,4817.753,12392.61772857143
4269834528,3887707597,1184.007,3101.6783055555557,1673.909,3588.4719688731557
545900371,206227346,2793.785,4508.1237,2951.287,4749.8647
6297154721,10098201539,2422.014,8066.424691726195,2997.674,11523.381448275259
1949189998,11201403683,3470.1220000000003,9247.642978947368,4207.379,12332.619978947369
12020271032,1360109031,3815.214000000001,8253.277333333333,5684.715,12993.302178989474
10659693303,12058911757,3077.133,5679.603833333334,3434.255,14100.396096536797
1468509508,2317541483,2225.8200000000006,5200.71733030303,2427.7019999999998,9646.635854341737
9124382329,2229204483,2106.311,2106.311,2106.311,2106.311
34499745,8560770389,3708.052999999999,13202.697634307358,5894.287,18855.435846233722
8082571117,12100310349,2216.886,3838.518,2836.322,6020.046675396826
12049478888,9239224174,1264.4740000000002,2534.719266666667,1279.8400000000001,2653.9326
27135037,1301701149,3990.797000000001,4870.269466666667,4018.017,5216.432466666666
12148524537,11425439743,1844.893,3049.397,1996.524,3182.8594538239536
4070566681,1355579572,2197.718,2197.7180000000003,2197.7180000000003,2197.7180000000003
12061289036,1412610533,2815.164999999999,7588.059838532383,3815.1440000000002,10420.232292207793
1335769914,2620182551,1566.071,3016.2099166666667,2122.992,4499.651957142857
12071808079,1425726888,1675.0309999999995,3743.2258181818183,1810.6390000000001,5520.646680392157
1771823555,9836361580,1591.7780000000007,3119.302,1719.34,4777.895833333333
5758088752,1447888034,1875.129,3514.1414999999997,1988.8809999999999,3603.5561666666667
7474116199,3023800911,1996.388,3477.6259444444445,2425.645,3923.7246111111112
11564292209,35220562,2440.0730000000003,5661.177855128205,2564.739,12751.173842857143
5952108099,12280445900,3860.162000000001,6072.0541375,3587.345,7066.011081439394
35690733,12064367377,3056.0350000000003,3795.386,3265.016,4449.787666666667
8111370680,4718729122,1788.2689999999998,3147.5846857142856,1941.125,3767.042085714286
6921021574,492424673,1987.77,5621.48703030303,2243.61,8602.245701731601
6239259766,639653499,2702.1340000000005,6814.149,4656.252,13796.711883929935
11204441943,11387423378,1859.85,3140.685556410256,2188.733,6918.338633813113
701650647,3143628936,958.9310000000002,958.931,958.931,958.931
3851540051,3749373445,2809.101,7260.920666666667,4860.324,12359.858942424242
11907348766,11648818091,1800.0689999999995,6080.64025,1990.875,7883.305097619047
1988938789,5091751190,3303.006000000001,3303.0060000000003,3303.0060000000003,3303.0060000000003
12045465150,8168819585,2071.073999999999,5183.760714285714,2485.545,9017.735772056554
2205001421,1190795703,3390.308000000001,4292.747,3876.281,8557.502557248525
11407552219,7923503076,2508.269,5045.59525,2857.537,7808.922458333333
2863634975,2100687389,1728.7300000000007,3321.4089,1981.855,7832.2715761904765
8851174113,4140675415,935.727,935.7270000000001,935.7270000000001,935.7270000000001
5258359812,1499598768,3363.3589999999995,4110.0289999999995,3477.5190000000002,7243.561958333333
5968342302,4032404417,3225.527000000001,6822.7775,3524.741,8266.9431
9550356867,245023170,2538.356,11131.79795952381,5171.276,12400.922999999999
9355907437,1611545958,887.6539999999999,1681.5255000000002,927.346,1784.0395
6970402911,25248947,1546.908,5962.257063843862,1808.918,6680.159548689454
8560383655,12061253686,1210.849,1592.668,1228.913,3522.443
8560770390,667395619,1023.323,3429.533,1599.725,3957.41
10658830552,2858104056,859.3149999999998,876.068,876.068,1281.49
1789642041,170754997,600.754,600.754,600.754,600.754
11509656528,4194066966,3993.853000000001,12529.759900000001,4266.392,15733.6938232493
3490476354,11612898084,2689.864,2689.864,2689.864,2689.864
10126907304,11648817992,3972.99,10059.307391266659,5446.028,19819.35181911695
2002537200,2018735048,1336.1329999999994,3505.054333333333,2940.285,4939.2514354645355
3920625502,12033546223,1648.3369999999995,7290.949166666666,1907.698,8316.3206
1897237290,8142834154,710.937,2092.7010714285716,1122.738,3321.7729714285715
1174015095,11364581154,2029.921,2233.6059999999998,2029.9209999999998,2233.6059999999998
2930852403,3958393211,2309.244,4956.858,4039.242,7404.977697835498
2205337237,3341774658,2466.813,3668.89925,2641.419,4632.495166666667
12082598119,6815724724,3398.551000000001,7342.281416666667,5208.525,13366.629158608059
6264287013,12180270480,3496.649,11947.153,4792.723,21793.653
6842840526,1183250524,1243.2389999999998,1693.9950000000001,1243.239,1693.9950000000001
874406556,1500040899,2190.508,2886.0099999999998,2181.69,2886.0099999999998
3043541091,7691361655,943.747,1378.39,993.508,1620.672
1305274350,1305274328,1075.7219999999998,5336.578,1117.893,6454.332
74898153,10943505590,1213.0089999999998,6131.3795,1213.009,6131.3795
9200315953,7948211475,2550.2590000000005,9126.273000000001,2734.7290000000003,10212.744
10074002413,11350633108,785.9920000000001,2083.4250931685197,860.0219999999999,2628.2016147292084
5306180976,4698235450,2312.0220000000004,4248.884875036075,2377.7,4852.792594516594
5665579266,891129805,2966.947,6267.9944165413535,3680.744,9616.739275396825
6474398547,470333577,1034.697,1175.531,1175.531,1191.482
1328552638,3476112018,2234.6710000000003,7061.779214285714,3401.48,7848.138455555556
1357967310,4136115368,3422.705,4309.901,3549.166,4769.45
1223741568,3792314781,3970.392,4903.558,4343.7519999999995,7021.1115
9895701074,3081293744,3213.491000000001,4033.892,3650.1079999999997,4901.3925
11425546037,4140179155,1980.041,4621.203,2235.156,5047.132958333334
6362592866,2389110882,866.696,912.173,912.173,1228.6779999999999
10726295552,12163739403,803.1040000000002,1547.0859595238096,1204.656,1869.909225
4718729106,12047488174,978.644,2777.8452,1328.559,6133.5391666666665
7002003128,6642395743,1577.0179999999998,3020.8812,1967.403,4564.683429395604
1038204615,1037257314,2665.689,4555.361,2759.383,8001.324
6129464500,82529528,2978.846,8534.955133333333,4807.712,14808.15635901876
87296075,1037316336,1258.275,2782.625818181818,1258.2749999999999,2782.625818181818
2476563965,583306714,2016.153,2016.153,2016.153,2016.153
12073125679,5967281951,3460.963999999999,5272.432153823954,3643.675,7171.547453823954
3393649970,11987613905,1276.6450000000002,2430.142,1282.7839999999999,2457.019
11201758425,12057246354,3434.281,5557.906,3722.041,10309.917829160022
4688492209,11601625246,2877.973,3994.014,3044.363,4457.010833333334
8897796952,10659693574,919.107,1895.174,1018.396,2201.3293333333336
1582776157,830534285,1140.513,2117.891,1142.093,2117.891
1028115651,12057403677,3300.321999999999,6816.077757142857,4552.621,14118.34945030982
11358313649,6422298900,2488.1489999999994,2925.407,2925.407,4299.203
372919748,2294197375,813.7330000000001,2399.249,1752.249,2861.548
314027362,4805417584,3249.2319999999986,4015.433,3558.977,4779.508
1908112208,1501626371,1776.629,2008.186,2008.186,2777.699
641768271,2620182573,754.806,2061.4245,1171.063,3068.985928571429
1697930136,4784760468,1538.673,4502.9015,1538.673,4502.9015
1359767541,1967977249,1072.038,3639.3392588235297,1072.038,3639.3392588235297
4603017382,10824504818,3211.0240000000003,8640.260574607782,3771.509,11526.860657941115
1030580496,3416131150,3318.0489999999986,5517.157,3588.13,12938.00383015873
1023502097,4740116776,749.484,1480.648,852.46,2232.468
10658426860,8105821785,2204.9790000000007,4601.929133333333,3218.474,8142.677966666666
674783734,11522048798,3008.623,10187.334811856092,3719.373,15302.915532368912
36855705,12048892471,3199.1310000000017,7321.154666666666,3651.701,14006.49040966811
6593424745,3928537764,1332.68,3004.145111111111,1556.982,5065.514
9046326418,9008358183,743.0030000000002,743.684,743.684,743.684
9269832543,562635211,3617.701,5954.381333333334,4718.108,7387.092000000001
12088501130,12086886834,2729.029000000002,3958.465,3648.386,9218.004806349207
12082823194,2725019417,3678.348,8817.278044607843,4364.278,17897.42354245907
32343183,9904523061,2752.682999999999,3265.0589999999997,2807.6369999999997,3415.752
546322325,6436563157,1749.754,2765.46,1749.7540000000001,2765.46
1357967562,12071185564,2502.681,5761.442,3577.889,8609.328123604466
4284339883,7679344653,1469.672,2234.4449272794386,1471.141,2236.2207748984865
3822683066,7262685456,2002.636,4653.294,2772.639,7963.062780952381
4140179140,4140176503,601.306,1184.4974166666666,601.306,1184.4974166666666
34911669,628120072,1590.5539999999996,1590.5539999999999,1590.5539999999999,1590.5539999999999
372656716,3100581533,3348.630000000001,3348.63,3348.63,3348.63
3428762051,1036933972,994.5590000000002,994.559,994.559,994.559
12088533399,12031162141,3586.185000000001,6729.631,4024.885,12431.246189835165
559681955,5650371670,701.3240000000002,2882.106466217606,1115.516,3074.1816502121187
25336178,2465004223,3380.7229999999995,6250.70449040404,3759.172,13378.87623088023
12075161560,1777380720,734.8789999999999,1381.786,910.54,1958.0215
2838296137,1324190186,1626.2090000000003,2490.368,2192.696,2790.8940000000002
9294155914,8733002791,3264.562000000001,6155.865242424243,4144.008,10485.058208333334
11169241771,9343790731,3545.942,8436.411,4394.859,9814.2515
2864851034,8149395034,3732.1530000000007,6732.640141774892,4046.873,10934.12223495935
2801030616,1679901331,3106.804,6070.556774603175,4264.941,10329.83700009337
9129167161,8170457645,3160.344,9969.388497126436,5658.671,18347.559960526316
12071663583,286483707,1219.697,2690.5860000000002,1786.596,4493.019278571428
4922285027,11613330789,1680.9430000000004,4901.783301515152,2205.665,7758.037114285714
12148524602,5010221267,1689.9109999999998,1701.139,1701.139,1752.175
1903756028,4271177729,3464.3089999999997,3769.795,3522.299,3862.361
4065280290,12075174536,2618.263,3619.1708,2618.263,3619.1708
1584136663,5686130821,2244.6990000000005,3051.745,2244.699,3051.745
1109063413,12043602021,3874.833,9157.440333333334,5101.742,12163.806001190476
8126936924,2266717282,689.7729999999999,852.343,852.343,2598.545
11587334185,2389241537,1993.817,2626.877,2059.618,3038.914
2316977619,12030994887,3517.7090000000017,6132.085,3785.942,11791.237165079365
2178234444,11176797670,1970.81,5841.114416666666,2953.878,8672.8926637987
10658391080,12120622896,3835.779,8945.003555555555,3914.208,9257.7307
4763764929,11420739999,1399.161,2235.331,1660.663,2483.295
8636453383,10243658802,2267.773,4856.875,3030.553,8438.49
1777380646,9288182891,1407.3220000000003,4275.415944444444,2437.019,5272.8259670634925
4568824854,8408877832,1897.583,5519.853,1897.5829999999999,5519.853
6472669405,11182847367,2818.7,2818.7,2818.7,2818.7
1103215321,4692006754,965.04,1660.267,965.04,1660.267
1501626273,1602055805,3359.1179999999986,4184.179,3778.221,5536.131166666667
12043219739,2096443229,1693.017,3352.22,1927.394,5359.1900000000005
12054934139,10539830790,2419.241,2891.502,2891.502,6907.271156349207
12061269633,1334453922,1785.207,2772.118,2009.742,6331.012
9231222757,9029169644,2797.331000000001,4891.9535,3449.7200000000003,7160.5092
4905841994,3143626255,1463.4219999999998,3184.5679999999998,3184.5679999999998,3535.2399123376626
7357001722,3965931209,702.6149999999999,1317.572826923077,726.948,2341.5109194139195
8928399467,243352413,2194.712,5048.712125,2349.237,5902.598875
6790050780,12188255945,2684.3460000000005,5221.716997708174,2687.996,5247.017240132417
6475475756,5972840285,678.2,678.2,678.2,678.2
567390418,1491650186,3097.695,5136.650268181818,3174.23,5776.815268181818
11195675784,11201758080,761.2839999999999,1388.9099595238094,821.894,2459.46805
11014664402,2284139508,3297.3189999999995,8105.355349427211,3995.698,16196.2362896437
12082528354,205310639,3922.388,8258.095758465906,4508.048,14863.016247420635
11195474810,4076322684,3711.03,8234.68853030303,4530.258,21322.430202197804
3100581433,4664201734,2739.0409999999997,2739.041,2739.041,2739.041
2310495751,641451739,1253.539,3642.1059999999998,1543.244,5013.339926573427
2073278476,3987434177,2430.146,5077.2245,2483.736,6036.7305
6759103808,5490690537,3901.672,5345.745105194806,4194.855,7854.650942280184
1516026495,3444405425,3520.566999999999,5883.838,4538.639,7102.6027208333335
534591433,913887370,1550.3380000000002,2656.2543333333333,1695.3770000000002,3814.575
534591435,749915806,1072.773,2156.8920000000003,1658.0040000000001,2283.7584180451126
1470693097,9467823692,2633.2139999999995,11832.345,2633.75,11832.345
245929610,3789339683,2591.661,4312.1045,3186.718,6862.610398575498
2864224236,12071746502,1207.7959999999998,3585.4814285714283,1228.381,4010.5094285714285
1580886783,12073226004,3978.964000000001,5069.1630000000005,4186.966,5829.556628205128
12068278360,8149395033,3166.4240000000004,6960.57295,4161.079,12071.916844917583
8406488368,9503240215,2522.535999999999,3545.578,3545.578,5769.556
7713961384,12327677902,2719.806999999999,7779.222,4650.0689999999995,9472.177
6925711301,11697914571,925.073,1428.644,1238.968,2200.71985
5262678653,3479597159,2303.236000000001,7646.367974084979,3830.89,9574.599466666667
25319261,12057086610,3452.107000000002,7131.526106535947,4337.29,9767.979595214752
11407496432,1294747971,600.6419999999999,1308.285,600.6419999999999,1308.285
9400309620,569240512,1800.4539999999995,1800.454,1800.454,1800.454
3123656277,1334333708,2520.783000000001,3799.405527777778,2521.853,3799.405527777778
11958743877,5810592051,1869.132,5362.025510571047,2216.524,6637.15028627451
12075227313,1918509924,1228.691,2433.4055166666667,1280.584,2589.3931785714285
265610939,265490158,3565.1420000000003,4603.242,4565.629,5190.302861111111
12047395544,7012476595,2261.5199999999995,5385.617071428572,2634.134,12003.209904761905
2389101706,1516361797,663.698,663.698,663.698,663.698
8851210299,3274355961,1030.01,1030.01,1030.01,1030.01
588703159,7629332694,3913.542,8552.996,5342.886,10948.18811111111
712909213,12073123695,2895.4829999999997,8311.7775,3200.412,9596.587833333333
1508923205,1273346677,3687.808,3687.808,3687.808,3687.808
1958061698,1324394304,3267.389,5767.9335,3995.605,7263.808
2114609061,5039834870,655.708,1002.4480000000001,655.708,1002.4480000000001
9783920663,5194305692,3184.634,5422.136301212121,3428.052,7573.581101212121
1392545089,2295004192,2446.094,3455.0769999999998,2685.022,3860.383
12045465001,26033322,2651.361999999999,5819.127,3571.117,7552.283
3679812508,6128861240,2510.8689999999992,3064.17,2531.178,3077.0190000000002
10030649929,1609834174,2528.542,4022.772,3079.942,4258.922
8531156759,2199299924,3127.6800000000007,7152.609833333333,4905.626,9805.73596024531
2354973581,4623902872,1178.014,1615.911,1377.581,3281.5370000000003
11268801892,1305990008,3910.216999999999,4813.6186,4292.792,5100.983675
2849260203,1435419325,2660.3330000000005,4663.372023809524,2910.344,4968.631833333333
12030724785,12063292290,1704.9489999999998,5135.885416666667,2526.541,7671.087971428571
10659692740,10705432732,672.0939999999998,1529.6604666666667,744.087,1895.797
6899184771,245971846,1902.35,2657.804,2078.102,3060.95
1497409835,12071611876,2264.749,3409.3469538239538,2596.61,6065.980036450745
243219224,11425546065,1226.9629999999995,1910.5765555555556,1226.963,1910.5765555555556
6879571704,1263339201,1931.0020000000004,4411.9345,2289.378,6702.920987301588
2511480512,567331391,2016.996,2996.026,2666.515,3586.5969999999998
10658392269,3843118685,1556.6999999999998,7158.003141414141,1655.953,7485.659771428571
4633920740,2108052542,3646.777,3958.4030000000002,3958.4030000000002,6293.148177404295
12047605208,12084470191,1079.8449999999991,3299.1001499999998,1301.058,4272.808639962652
11183037382,11182847082,1446.7879999999998,1446.788,1446.788,1446.788
11994926312,1030742657,3603.593,9207.292,4676.104,11869.01654117647
3275140770,10810913194,2139.483,4316.215333333334,2386.046,6235.507333333333
83650700,3455335111,1133.104,3799.1080666666667,1146.794,4649.0934
8137143426,9132946776,1488.4620000000002,3644.866,2104.197,7162.414134615385
7987840942,12041590654,2874.7030000000004,6296.7019,3632.782,8765.0635
11703514619,1474023365,1483.1920000000002,2958.7090000000003,1483.1920000000002,2958.7090000000003
10701713786,1036270666,3041.604,6766.41225,3047.688,7200.96525
3602660111,722934878,1834.94,1906.465,1906.465,2815.466
2636357165,12029013538,3752.706,8821.8179,5243.171,21468.44234151034
245971914,2273516104,3049.644,6150.668,3060.559,7092.225
2928830576,1306954082,2251.205,2732.862,2271.802,3146.9850857142856
5408267734,2531035835,2708.626,3398.044,2708.6259999999997,3398.044
26336847,25547440,3931.37,10499.531041666667,4656.24,12839.191983333334
12088408788,2295727788,3005.483,9916.026491266659,3877.348,17234.32606278966
6245640866,6415615903,1806.597,5434.324,1806.597,5434.324
1190795809,7617499595,880.0060000000002,1297.156,880.006,1297.156
8901335765,247110946,3234.794000000001,8705.06565,4265.229,13116.508569430569
4327904510,12073231229,3109.7490000000003,13094.223100000001,3647.59,15703.192500000001
6856608205,11224809272,1663.2760000000003,3942.4925555555556,2189.228,5873.089
4674626681,6254190560,1238.206,1238.206,1238.206,1238.206
6206311236,11506904646,1261.051,1261.051,1261.051,1261.051
6909471874,6961555645,3883.7020000000007,11748.477110314278,5592.973,17365.045671155644
306824643,7149617312,2196.219,2779.149,2196.219,2779.149
12083171619,868438829,3663.351999999999,6869.771569047619,4438.465,11814.278363023088
3145429576,33780161,2338.7049999999995,6330.3165,2338.705,6330.3165
6360172394,9731019505,1167.0239999999997,2311.458666666667,1182.778,3684.4975714285715
9045489187,4077392727,2564.925,2567.357,2567.357,2567.357
6970451213,11836732961,2603.912,6172.6979,2987.561,9520.854798752136
3172671140,5169649823,1317.4269999999997,2002.676,1727.0919999999999,4663.65375
25303796,12087215952,3740.83,6950.210166666667,5107.495,12520.3085
4028956541,169558523,1994.093,1994.093,1994.093,1994.093
7087148734,4692006893,3829.946,4854.277,4056.711,5558.324
4379124563,733714288,1237.612,1652.656,1452.736,2525.402
9386024730,2097778915,3207.9079999999994,6468.317273202614,3975.35,14582.593325910773
1216773064,1234864932,3392.622,5875.567,4183.439,7776.668383333334
2652158002,2462509540,1282.1539999999998,5066.220592063492,1621.181,5491.294479563492
1261965258,8223185599,2653.3859999999995,4988.188,3448.355,9901.694
12079776958,6942932201,2032.332,4868.109,2309.932,6751.718985714286
12030994887,12048892555,1624.4929999999997,3220.5476666666664,2133.961,6114.858393939394
7414863772,600680460,2059.075,4150.7205,2406.623,5856.499781818182
2246143027,2996391316,1713.8580000000002,3417.3844272794386,2056.7219999999998,4344.557136363636
8831513464,12031162146,1261.4929999999997,2952.6174,1463.2450000000001,4708.9055
2471729454,9250325739,1630.556,1630.556,1630.556,1630.556
1038199530,1789954187,3472.836,8935.482780952381,4317.338,10034.725333333334
2853498047,315057313,648.6840000000001,1367.244,648.684,1367.244
4827056512,11123501274,2243.539,8040.161205882353,2336.592,10059.700094771242
11415007467,1038145694,1687.111,3489.6059999999998,1687.111,3489.6059999999998
4032757581,5754093004,3523.9659999999985,11789.74410974499,3524.037,12084.34210974499
8915710545,27362910,1448.8919999999996,3588.614,1827.874,4374.013
3670094877,561126958,2557.1980000000003,2557.198,2557.198,2557.198
11345060409,12085140864,1300.2170000000003,3025.4195714285715,1580.466,5278.3511
2606505892,11953355958,3178.328,10087.180110314277,4086.3269999999998,16821.117476843792
868450812,12071746292,2883.653,6453.27,4034.253,12530.1645
9443163196,4768475515,3636.728000000001,6260.441333333333,3987.16,9422.601833333334
119432668,5065570207,2488.232000000001,2951.8765,2488.232,2951.8765
12178753745,669438109,3457.371000000001,3730.1085000000003,3457.371,3730.1085000000003
3438843855,1110186044,3827.174000000001,9850.974375396825,5087.848,19844.5436
2133714329,1715971827,1049.7040000000002,1049.704,1049.704,1049.704
3049594023,2461557927,3151.512999999998,12915.427438461538,3794.16,15712.606409722222
1334453891,10101338618,1707.8730000000005,3095.8663333333334,1882.7359999999999,4620.1059904761905
4135977888,3834208270,1159.688,1159.688,1159.688,1159.688
11225752188,7280295786,2728.576,3387.643466666667,2734.998,3439.1984666666667
7281034806,3995899364,2388.651,5875.41129059829,3604.709,5924.003290598291
470276478,2180862938,3515.1960000000004,8807.594014285714,5874.014,9972.601663572701
1102998651,1101739537,2002.3910000000003,2887.1069999999995,2887.1069999999995,3106.9375999999997
2928905269,10870996555,2648.257,3785.945,3440.573,3938.4953333333333
4745563084,8111095922,3562.1850000000013,6513.75715,4322.0109999999995,11340.655892992954
733714288,59865487,732.3349999999999,1139.285,1139.285,1532.2583
3847075534,1394759125,3946.1960000000017,4934.93,4807.333,5426.118611111111
313692762,12255068222,3190.224,6441.923000000001,3407.8450000000003,8287.944000000001
1909916272,10694934304,1445.909,2522.2455,2052.457,3569.2785666666664
1521489707,11406194595,1296.58,4108.305,1303.658,4126.652
4828469814,10594806244,3574.312999999999,10736.908,4001.997,17313.49624285714
7328287981,3073600300,3080.102,7737.5754,4524.9929999999995,10935.036460606061
1474023346,2109760437,2821.255999999999,3707.826,3138.206,4496.500555555555
1357967486,591898696,3091.8840000000005,8154.486,3623.676,11107.962611398405
976140519,7356888324,1362.956,2529.7745,1863.696,2607.552166666667
11197666281,2838044698,3505.793,3733.185,3505.793,3733.185
3250941398,8464310963,1820.163,1820.163,1820.163,1820.163
